DATE,Yield,FedFundsRate,chair,speaker,emphasis,title,inflation,employment,other
2018-02-13,2.83,1.42,Jerome Powell,Chairman Jerome H. Powell,"{'inflation': 0.143, 'employment': 0.143, 'other': 0.714}",Remarks at the Ceremonial Swearing-in,0.143,0.143,0.714
2018-02-22,2.92,1.42,Jerome Powell,Vice Chairman for Supervision Randal K. Quarles,"{'inflation': 0.083, 'employment': 0.333, 'other': 0.583}",The U.S. Economy after the Global Financial Crisis,0.083,0.333,0.583
2018-02-26,2.86,1.42,Jerome Powell,Vice Chairman for Supervision Randal K. Quarles,"{'inflation': 0.273, 'employment': 0.273, 'other': 0.455}",An Assessment of the U.S. Economy,0.273,0.273,0.455
2018-02-26,2.86,1.42,Jerome Powell,Vice Chairman for Supervision Randal K. Quarles,"{'inflation': 0.0, 'employment': 0.077, 'other': 0.923}",Brief Thoughts on the Financial Regulatory System and Cybersecurity,0.0,0.077,0.923
2018-03-05,2.88,1.42,Jerome Powell,Vice Chairman for Supervision Randal K. Quarles,"{'inflation': 0.0, 'employment': 0.0, 'other': 1.0}",The Federal Reserve’s Regulatory Agenda for Foreign Banking Organizations: What Lies Ahead for Enhanced Prudential Standards and the Volcker Rule,0.0,0.0,1.0
2018-03-06,2.88,1.42,Jerome Powell,Governor Lael Brainard,"{'inflation': 0.25, 'employment': 0.312, 'other': 0.438}",Navigating Monetary Policy as Headwinds Shift to Tailwinds,0.25,0.312,0.438
2018-03-26,2.85,1.68,Jerome Powell,Vice Chairman for Supervision Randal K. Quarles,"{'inflation': 0.0, 'employment': 0.5, 'other': 0.5}",The Roles of Consumer Protection and Small Business Access to Credit in Financial Inclusion,0.0,0.5,0.5
2018-04-03,2.79,1.69,Jerome Powell,Governor Lael Brainard,"{'inflation': 0.0, 'employment': 0.1, 'other': 0.9}",An Update on the Federal Reserve's Financial Stability Agenda,0.0,0.1,0.9
2018-04-06,2.77,1.69,Jerome Powell,Chairman Jerome H. Powell,"{'inflation': 0.231, 'employment': 0.231, 'other': 0.538}",The Outlook for the U.S. Economy,0.231,0.231,0.538
2018-04-17,2.82,1.69,Jerome Powell,Governor Lael Brainard,"{'inflation': 0.1, 'employment': 0.3, 'other': 0.6}",Community Development in Baltimore and A Few Observations on Community Reinvestment Act Modernization,0.1,0.3,0.6
2018-04-19,2.92,1.69,Jerome Powell,Governor Lael Brainard,"{'inflation': 0.067, 'employment': 0.067, 'other': 0.867}",Safeguarding Financial Resilience through the Cycle,0.067,0.067,0.867
2018-05-04,2.95,1.7,Jerome Powell,Vice Chairman for Supervision Randal K. Quarles,"{'inflation': 0.167, 'employment': 0.167, 'other': 0.667}",Liquidity Regulation and the Size of the Fed's Balance Sheet,0.167,0.167,0.667
2018-05-15,3.08,1.7,Jerome Powell,Governor Lael Brainard,"{'inflation': 0.0, 'employment': 0.0, 'other': 1.0}","Cryptocurrencies, Digital Currencies, and Distributed Ledger Technologies: What Are We Learning?",0.0,0.0,1.0
2018-05-16,3.09,1.7,Jerome Powell,Vice Chairman for Supervision Randal K. Quarles,"{'inflation': 0.0, 'employment': 0.286, 'other': 0.714}",Trust Everyone--But Brand Your Cattle: Finding the Right Balance in Cross-Border Resolution,0.0,0.286,0.714
2018-05-18,3.06,1.7,Jerome Powell,Governor Lael Brainard,"{'inflation': 0.0, 'employment': 0.0, 'other': 1.0}",Keeping Community at the Heart of the Community Reinvestment Act,0.0,0.0,1.0
2018-05-25,2.93,1.7,Jerome Powell,Chairman Jerome H. Powell,"{'inflation': 0.267, 'employment': 0.267, 'other': 0.467}",Financial Stability and Central Bank Transparency,0.267,0.267,0.467
2018-05-31,2.83,1.7,Jerome Powell,Governor Lael Brainard,"{'inflation': 0.333, 'employment': 0.083, 'other': 0.583}",Sustaining Full Employment and Inflation around Target,0.333,0.083,0.583
2018-06-20,2.93,1.92,Jerome Powell,Chairman Jerome H. Powell,"{'inflation': 0.2, 'employment': 0.333, 'other': 0.467}",Monetary Policy at a Time of Uncertainty and Tight Labor Markets,0.2,0.333,0.467
2018-06-27,2.83,1.91,Jerome Powell,Vice Chairman for Supervision Randal K. Quarles,"{'inflation': 0.0, 'employment': 0.0, 'other': 1.0}",America's Vital Interest in Global Efforts to Promote Financial Stability,0.0,0.0,1.0
2018-07-18,2.88,1.91,Jerome Powell,Vice Chairman for Supervision Randal K. Quarles,"{'inflation': 0.0, 'employment': 0.154, 'other': 0.846}",Getting It Right: Factors for Tailoring Supervision and Regulation of Large Financial Institutions,0.0,0.154,0.846
2018-07-19,2.84,1.91,Jerome Powell,Vice Chairman for Supervision Randal K. Quarles,"{'inflation': 0.333, 'employment': 0.0, 'other': 0.667}",Introductory Remarks,0.333,0.0,0.667
2018-08-24,2.82,1.92,Jerome Powell,Chairman Jerome H. Powell,"{'inflation': 0.111, 'employment': 0.0, 'other': 0.889}",Monetary Policy in a Changing Economy,0.111,0.0,0.889
2018-09-12,2.97,1.92,Jerome Powell,Governor Lael Brainard,"{'inflation': 0.167, 'employment': 0.333, 'other': 0.5}",What Do We Mean by Neutral and What Role Does It Play in Monetary Policy?,0.167,0.333,0.5
2018-09-27,3.06,2.18,Jerome Powell,Chairman Jerome H. Powell,"{'inflation': 0.4, 'employment': 0.2, 'other': 0.4}",Brief Remarks on the U.S. Economy,0.4,0.2,0.4
2018-10-02,3.05,2.18,Jerome Powell,Chairman Jerome H. Powell,"{'inflation': 0.143, 'employment': 0.143, 'other': 0.714}",Monetary Policy and Risk Management at a Time of Low Inflation and Low Unemployment,0.143,0.143,0.714
2018-10-03,3.15,2.18,Jerome Powell,Governor Lael Brainard,"{'inflation': 0.0, 'employment': 0.5, 'other': 0.5}",Supporting Fast Payments for All,0.0,0.5,0.5
2018-10-04,3.19,2.18,Jerome Powell,Vice Chairman for Supervision Randal K. Quarles,"{'inflation': 0.0, 'employment': 0.417, 'other': 0.583}",Trends in Urban and Rural Community Banks,0.0,0.417,0.583
2018-10-15,3.16,2.18,Jerome Powell,Governor Lael Brainard,"{'inflation': 0.0, 'employment': 0.5, 'other': 0.5}",Community Investment in Denver,0.0,0.5,0.5
2018-10-17,3.19,2.19,Jerome Powell,Governor Lael Brainard,"{'inflation': 0.0, 'employment': 0.0, 'other': 1.0}",FinTech and the Search for Full Stack Financial Inclusion,0.0,0.0,1.0
2018-10-18,3.17,2.19,Jerome Powell,Vice Chairman for Supervision Randal K. Quarles,"{'inflation': 0.118, 'employment': 0.235, 'other': 0.647}",Don’t Chase the Needles: An Optimistic Assessment of the Economic Outlook and Monetary Policy,0.118,0.235,0.647
2018-10-25,3.14,2.2,Jerome Powell,Vice Chairman Richard H. Clarida,"{'inflation': 0.0, 'employment': 0.304, 'other': 0.696}",Outlook for the U.S. Economy and Monetary Policy,0.0,0.304,0.696
2018-11-09,3.19,2.19,Jerome Powell,Vice Chairman for Supervision Randal K. Quarles,"{'inflation': 0.0, 'employment': 0.455, 'other': 0.545}",A New Chapter in Stress Testing,0.0,0.455,0.545
2018-11-13,3.14,2.2,Jerome Powell,Governor Lael Brainard,"{'inflation': 0.0, 'employment': 0.0, 'other': 1.0}",What Are We Learning about Artificial Intelligence in Financial Services?,0.0,0.0,1.0
2018-11-16,3.08,2.2,Jerome Powell,Vice Chairman for Supervision Randal K. Quarles,"{'inflation': 0.167, 'employment': 0.083, 'other': 0.75}",Beginning Stress Testing’s New Chapter,0.167,0.083,0.75
2018-11-27,3.06,2.2,Jerome Powell,Vice Chairman Richard H. Clarida,"{'inflation': 0.167, 'employment': 0.333, 'other': 0.5}",Data Dependence and U.S. Monetary Policy,0.167,0.333,0.5
2018-11-28,3.06,2.2,Jerome Powell,Chairman Jerome H. Powell,"{'inflation': 0.0, 'employment': 0.0, 'other': 1.0}",The Federal Reserve's Framework for Monitoring Financial Stability,0.0,0.0,1.0
2018-12-03,2.98,2.19,Jerome Powell,Chairman Jerome H. Powell,"{'inflation': 0.0, 'employment': 0.4, 'other': 0.6}",Celebrating Excellence in Community Development,0.0,0.4,0.6
2018-12-03,2.98,2.19,Jerome Powell,Governor Lael Brainard,"{'inflation': 0.0, 'employment': 0.273, 'other': 0.727}",Celebrating Excellence in Community Development,0.0,0.273,0.727
2018-12-03,2.98,2.19,Jerome Powell,Governor Lael Brainard,"{'inflation': 0.0, 'employment': 0.0, 'other': 1.0}",The Structure of the Treasury Market:  What Are We Learning?,0.0,0.0,1.0
2018-12-05,2.91,2.2,Jerome Powell,Vice Chairman for Supervision Randal K. Quarles,"{'inflation': 0.2, 'employment': 0.4, 'other': 0.4}",Banks as Vital Infrastructure for Rural Communities of the West,0.2,0.4,0.4
2018-12-06,2.87,2.2,Jerome Powell,Chairman Jerome H. Powell,"{'inflation': 0.0, 'employment': 0.273, 'other': 0.727}",Welcoming Remarks,0.0,0.273,0.727
2018-12-07,2.85,2.19,Jerome Powell,Governor Lael Brainard,"{'inflation': 0.0, 'employment': 0.0, 'other': 1.0}",Assessing Financial Stability over the Cycle,0.0,0.0,1.0
2019-01-09,2.74,2.4,Jerome Powell,Vice Chairman for Supervision Randal K. Quarles,"{'inflation': 0.0, 'employment': 0.0, 'other': 1.0}",Insurance Supervision and International Engagement,0.0,0.0,1.0
2019-02-01,2.7,2.4,Jerome Powell,Governor Lael Brainard,"{'inflation': 0.0, 'employment': 0.2, 'other': 0.8}",Strengthening the Community Reinvestment Act: What Are We Learning?,0.0,0.2,0.8
2019-02-06,2.7,2.4,Jerome Powell,Chairman Jerome H. Powell,"{'inflation': 0.083, 'employment': 0.417, 'other': 0.5}",Welcoming Remarks,0.083,0.417,0.5
2019-02-06,2.7,2.4,Jerome Powell,Vice Chairman for Supervision Randal K. Quarles,"{'inflation': 0.143, 'employment': 0.286, 'other': 0.571}",Inviting Participation: The Public's Role in Stress Testing's Next Chapter,0.143,0.286,0.571
2019-02-10,2.63,2.4,Jerome Powell,Vice Chairman for Supervision and Chair of the Financial Stability Board Randal K. Quarles,"{'inflation': 0.0, 'employment': 0.409, 'other': 0.591}",Ideas of Order: Charting a Course for the Financial Stability Board,0.0,0.409,0.591
2019-02-11,2.65,2.4,Jerome Powell,Governor Michelle W. Bowman,"{'inflation': 0.154, 'employment': 0.231, 'other': 0.615}",A Conversation on Community Banking,0.154,0.231,0.615
2019-02-12,2.68,2.4,Jerome Powell,Chairman Jerome H. Powell,"{'inflation': 0.0, 'employment': 0.444, 'other': 0.556}",Encouraging Economic Development in High-Poverty Rural Communities,0.0,0.444,0.556
2019-02-22,2.65,2.4,Jerome Powell,Vice Chairman for Supervision Randal K. Quarles,"{'inflation': 0.2, 'employment': 0.3, 'other': 0.5}",The Future of the Federal Reserve's Balance Sheet,0.2,0.3,0.5
2019-02-22,2.65,2.4,Jerome Powell,Vice Chair Richard H. Clarida,"{'inflation': 0.8, 'employment': 0.2, 'other': 0.0}","The Federal Reserve's Review of Its Monetary Policy Strategy, Tools, and Communication Practices",0.8,0.2,0.0
2019-02-28,2.73,2.4,Jerome Powell,Vice Chair Richard H. Clarida,"{'inflation': 0.19, 'employment': 0.19, 'other': 0.619}",U.S. Economic Outlook and Monetary Policy,0.19,0.19,0.619
2019-02-28,2.73,2.4,Jerome Powell,Chair Jerome H. Powell,"{'inflation': 0.2, 'employment': 0.3, 'other': 0.5}",Recent Economic Developments and Longer-Term Challenges,0.2,0.3,0.5
2019-03-07,2.64,2.4,Jerome Powell,Governor Lael Brainard,"{'inflation': 0.25, 'employment': 0.25, 'other': 0.5}",Navigating Cautiously,0.25,0.25,0.5
2019-03-11,2.64,2.4,Jerome Powell,Chair Jerome H. Powell,"{'inflation': 0.0, 'employment': 0.4, 'other': 0.6}",Brief Remarks,0.0,0.4,0.6
2019-03-12,2.61,2.4,Jerome Powell,Governor Lael Brainard,"{'inflation': 0.0, 'employment': 0.0, 'other': 1.0}",The Community Reinvestment Act: How Can We Preserve What Works and Make it Better?,0.0,0.0,1.0
2019-03-25,2.43,2.4,Jerome Powell,Governor Michelle W. Bowman,"{'inflation': 0.083, 'employment': 0.167, 'other': 0.75}",Welcoming Remarks,0.083,0.167,0.75
2019-03-28,2.39,2.41,Jerome Powell,Governor Michelle W. Bowman,"{'inflation': 0.1, 'employment': 0.4, 'other': 0.5}",Agriculture and Community Banking,0.1,0.4,0.5
2019-03-28,2.39,2.41,Jerome Powell,Vice Chair Richard H. Clarida,"{'inflation': 0.125, 'employment': 0.0, 'other': 0.875}",Global Shocks and the U.S. Economy,0.125,0.0,0.875
2019-03-28,2.39,2.41,Jerome Powell,Vice Chair for Supervision and Chair of the Financial Stability Board Randal K. Quarles,"{'inflation': 0.333, 'employment': 0.333, 'other': 0.333}",The Financial Stability Board in 2019,0.333,0.333,0.333
2019-03-29,2.41,2.43,Jerome Powell,Vice Chair for Supervision Randal K. Quarles,"{'inflation': 0.0, 'employment': 0.2, 'other': 0.8}",Frameworks for the Countercyclical Capital Buffer,0.0,0.2,0.8
2019-04-02,2.48,2.41,Jerome Powell,Governor Michelle W. Bowman,"{'inflation': 0.0, 'employment': 0.3, 'other': 0.7}",Fostering Closer Supervisory Communication,0.0,0.3,0.7
2019-04-09,2.51,2.41,Jerome Powell,Vice Chair Richard H. Clarida,"{'inflation': 0.0, 'employment': 0.0, 'other': 1.0}","The Federal Reserve's Review of Its Monetary Policy Strategy, Tools, and Communication Practices",0.0,0.0,1.0
2019-04-10,2.48,2.41,Jerome Powell,Vice Chair for Supervision and Chair of the Financial Stability Board Randal K. Quarles,"{'inflation': 0.167, 'employment': 0.0, 'other': 0.833}",Progress on the Transition to Risk-Free Rates,0.167,0.0,0.833
2019-04-11,2.51,2.41,Jerome Powell,Vice Chair Richard H. Clarida,"{'inflation': 0.278, 'employment': 0.222, 'other': 0.5}",U.S. Economic Outlook and Monetary Policy,0.278,0.222,0.5
2019-04-11,2.51,2.41,Jerome Powell,Governor Michelle W. Bowman,"{'inflation': 0.2, 'employment': 0.2, 'other': 0.6}",Community Banking in the Age of Innovation,0.2,0.2,0.6
2019-05-03,2.54,2.4,Jerome Powell,Vice Chair Richard H. Clarida,"{'inflation': 0.182, 'employment': 0.182, 'other': 0.636}","Models, Markets, and Monetary Policy",0.182,0.182,0.636
2019-05-08,2.49,2.39,Jerome Powell,Governor Lael Brainard,"{'inflation': 0.294, 'employment': 0.176, 'other': 0.529}","""Fed Listens"" in Richmond: How Does Monetary Policy Affect Your Community?",0.294,0.176,0.529
2019-05-09,2.45,2.38,Jerome Powell,Chair Jerome H. Powell,"{'inflation': 0.0, 'employment': 0.5, 'other': 0.5}",Welcoming Remarks,0.0,0.5,0.5
2019-05-10,2.47,2.38,Jerome Powell,Governor Lael Brainard,"{'inflation': 0.308, 'employment': 0.154, 'other': 0.538}",Is the Middle Class within Reach for Middle-Income Families?,0.308,0.154,0.538
2019-05-13,2.4,2.38,Jerome Powell,Vice Chair Richard H. Clarida,"{'inflation': 0.25, 'employment': 0.25, 'other': 0.5}","The Federal Reserve’s Review of Its Monetary Policy Strategy, Tools, and Communication Practices",0.25,0.25,0.5
2019-05-16,2.4,2.39,Jerome Powell,Governor Lael Brainard,"{'inflation': 0.143, 'employment': 0.143, 'other': 0.714}",The Disconnect between Inflation and Employment in the New Normal,0.143,0.143,0.714
2019-05-17,2.39,2.39,Jerome Powell,Vice Chair Richard H. Clarida,"{'inflation': 0.143, 'employment': 0.286, 'other': 0.571}","The Federal Reserve’s Review of Its Monetary Policy Strategy, Tools, and Communication Practices",0.143,0.286,0.571
2019-05-20,2.41,2.39,Jerome Powell,Chair Jerome H. Powell,"{'inflation': 0.188, 'employment': 0.25, 'other': 0.562}",Business Debt and Our Dynamic Financial System,0.188,0.25,0.562
2019-05-20,2.41,2.39,Jerome Powell,Vice Chair Richard H. Clarida,"{'inflation': 0.0, 'employment': 0.0, 'other': 1.0}","The Federal Reserve's Review of Its Monetary Policy Strategy, Tools, and Communication Practices",0.0,0.0,1.0
2019-05-30,2.22,2.39,Jerome Powell,Vice Chair Richard H. Clarida,"{'inflation': 0.154, 'employment': 0.077, 'other': 0.769}",Sustaining Maximum Employment and Price Stability,0.154,0.077,0.769
2019-05-30,2.22,2.39,Jerome Powell,Vice Chair for Supervision Randal K. Quarles,"{'inflation': 0.08, 'employment': 0.12, 'other': 0.8}",Monetary Policy and Financial Stability,0.08,0.12,0.8
2019-06-03,2.07,2.38,Jerome Powell,Vice Chair for Supervision Randal K. Quarles,"{'inflation': 0.0, 'employment': 0.444, 'other': 0.556}",The Next Stage in the LIBOR Transition (via prerecorded video),0.0,0.444,0.556
2019-06-04,2.12,2.38,Jerome Powell,Chair Jerome H. Powell,"{'inflation': 0.286, 'employment': 0.286, 'other': 0.429}",Opening Remarks,0.286,0.286,0.429
2019-06-21,2.07,2.38,Jerome Powell,Governor Lael Brainard,"{'inflation': 0.154, 'employment': 0.308, 'other': 0.538}",Fed Listens in Cincinnati: How Does Monetary Policy Affect Your Community?,0.154,0.308,0.538
2019-06-25,2.0,2.38,Jerome Powell,Governor Michelle W. Bowman,"{'inflation': 0.2, 'employment': 0.4, 'other': 0.4}",Minority Depository Institutions,0.2,0.4,0.4
2019-06-25,2.0,2.38,Jerome Powell,Chair Jerome H. Powell,"{'inflation': 0.074, 'employment': 0.222, 'other': 0.704}",Economic Outlook and Monetary Policy Review,0.074,0.222,0.704
2019-07-01,2.03,2.39,Jerome Powell,Vice Chair Richard H. Clarida,"{'inflation': 0.333, 'employment': 0.222, 'other': 0.444}","The Federal Reserve's Review of Its Monetary Policy Strategy, Tools, and Communication Practices",0.333,0.222,0.444
2019-07-09,2.07,2.41,Jerome Powell,Chair Jerome H. Powell,"{'inflation': 0.0, 'employment': 0.5, 'other': 0.5}",Welcoming Remarks (via prerecorded video),0.0,0.5,0.5
2019-07-09,2.07,2.41,Jerome Powell,Vice Chair for Supervision Randal K. Quarles,"{'inflation': 0.0, 'employment': 0.25, 'other': 0.75}",Stress Testing: A Decade of Continuity and Change,0.0,0.25,0.75
2019-07-11,2.13,2.4,Jerome Powell,Governor Lael Brainard,"{'inflation': 0.143, 'employment': 0.571, 'other': 0.286}",Perspectives on the Economy from Scranton,0.143,0.571,0.286
2019-07-16,2.13,2.41,Jerome Powell,Chair Jerome H. Powell,"{'inflation': 0.222, 'employment': 0.389, 'other': 0.389}",Monetary Policy in the Post-Crisis Era,0.222,0.389,0.389
2019-08-05,1.75,2.13,Jerome Powell,Governor Lael Brainard,"{'inflation': 0.182, 'employment': 0.0, 'other': 0.818}",Delivering Fast Payments for All,0.182,0.0,0.818
2019-08-20,1.55,2.13,Jerome Powell,Vice Chair for Supervision Randal K. Quarles,"{'inflation': 0.071, 'employment': 0.214, 'other': 0.714}",A Decade of Building Stronger Communities,0.071,0.214,0.714
2019-08-23,1.52,2.12,Jerome Powell,Chair Jerome H. Powell,"{'inflation': 0.333, 'employment': 0.111, 'other': 0.556}",Challenges for Monetary Policy,0.333,0.111,0.556
2019-09-04,1.47,2.13,Jerome Powell,Governor Michelle W. Bowman,"{'inflation': 0.083, 'employment': 0.167, 'other': 0.75}",Introductory Remarks,0.083,0.167,0.75
2019-09-05,1.57,2.13,Jerome Powell,Vice Chair for Supervision Randal K. Quarles,"{'inflation': 0.0, 'employment': 0.0, 'other': 1.0}",Refining the Stress Capital Buffer,0.0,0.0,1.0
2019-09-26,1.7,1.85,Jerome Powell,Vice Chair Richard H. Clarida,"{'inflation': 0.1, 'employment': 0.1, 'other': 0.8}","The Federal Reserve’s Review of Its Monetary Policy Strategy, Tools, and Communication Practices",0.1,0.1,0.8
2019-09-26,1.7,1.85,Jerome Powell,Vice Chair for Supervision and Chair of the Financial Stability Board Randal K. Quarles,"{'inflation': 0.188, 'employment': 0.062, 'other': 0.75}",Government of Union: Achieving Certainty in Cross-Border Finance,0.188,0.062,0.75
2019-09-27,1.69,1.83,Jerome Powell,Vice Chair for Supervision Randal K. Quarles,"{'inflation': 0.0, 'employment': 0.0, 'other': 1.0}",Law and Macroeconomics: The Global Evolution of Macroprudential Regulation,0.0,0.0,1.0
2019-10-01,1.65,1.88,Jerome Powell,Governor Michelle W. Bowman,"{'inflation': 0.136, 'employment': 0.045, 'other': 0.818}",Advancing Our Understanding of Community Banking,0.136,0.045,0.818
2019-10-01,1.65,1.88,Jerome Powell,Vice Chair Richard H. Clarida,"{'inflation': 0.2, 'employment': 0.4, 'other': 0.4}",Introductory Remarks,0.2,0.4,0.4
2019-10-03,1.54,1.83,Jerome Powell,Vice Chair for Supervision and Chair of the Financial Stability Board Randal K. Quarles,"{'inflation': 0.0, 'employment': 0.0, 'other': 1.0}",The Financial Stability Board at 10 Years—Looking Back and Looking Ahead,0.0,0.0,1.0
2019-10-04,1.52,1.82,Jerome Powell,Chair Jerome H. Powell,"{'inflation': 0.333, 'employment': 0.222, 'other': 0.444}",Opening Remarks,0.333,0.222,0.444
2019-10-07,1.56,1.82,Jerome Powell,Chair Jerome H. Powell,"{'inflation': 0.286, 'employment': 0.143, 'other': 0.571}",Brief Remarks,0.286,0.143,0.571
2019-10-08,1.54,1.82,Jerome Powell,Chair Jerome H. Powell,"{'inflation': 0.2, 'employment': 0.2, 'other': 0.6}",Data-Dependent Monetary Policy in an Evolving Economy,0.2,0.2,0.6
2019-10-09,1.59,1.82,Jerome Powell,Chair Jerome H. Powell,"{'inflation': 0.182, 'employment': 0.182, 'other': 0.636}",Opening Remarks,0.182,0.182,0.636
2019-10-16,1.75,1.9,Jerome Powell,Governor Lael Brainard,"{'inflation': 0.0, 'employment': 0.0, 'other': 1.0}","Digital Currencies, Stablecoins, and the Evolving Payments Landscape",0.0,0.0,1.0
2019-10-17,1.76,1.85,Jerome Powell,Governor Michelle W. Bowman,"{'inflation': 0.2, 'employment': 0.4, 'other': 0.4}",Opening Remarks,0.2,0.4,0.4
2019-10-18,1.76,1.85,Jerome Powell,Vice Chair Richard H. Clarida,"{'inflation': 0.188, 'employment': 0.062, 'other': 0.75}",U.S. Economic Outlook and Monetary Policy,0.188,0.062,0.75
2019-10-21,1.8,1.85,Jerome Powell,Governor Michelle W. Bowman,"{'inflation': 0.0, 'employment': 0.333, 'other': 0.667}",Closing Remarks,0.0,0.333,0.667
2019-11-01,1.73,1.57,Jerome Powell,Vice Chair Richard H. Clarida,"{'inflation': 0.3, 'employment': 0.1, 'other': 0.6}","The United States, Japan, and the Global Economy",0.3,0.1,0.6
2019-11-01,1.73,1.57,Jerome Powell,Vice Chair for Supervision Randal K. Quarles,"{'inflation': 0.286, 'employment': 0.286, 'other': 0.429}",Friedrich Hayek and the Price System,0.286,0.286,0.429
2019-11-08,1.94,1.55,Jerome Powell,Governor Lael Brainard,"{'inflation': 0.1, 'employment': 0.2, 'other': 0.7}",Why Climate Change Matters for Monetary Policy and Financial Stability,0.1,0.2,0.7
2019-11-12,1.92,1.55,Jerome Powell,Vice Chair Richard H. Clarida,"{'inflation': 0.167, 'employment': 0.167, 'other': 0.667}","Monetary Policy, Price Stability, and Equilibrium Bond Yields: Success and Consequences",0.167,0.167,0.667
2019-11-14,1.82,1.55,Jerome Powell,Vice Chair Richard H. Clarida,"{'inflation': 0.286, 'employment': 0.143, 'other': 0.571}","The Federal Reserve’s Review of Its Monetary Policy Strategy, Tools, and Communication Practices",0.286,0.143,0.571
2019-11-14,1.82,1.55,Jerome Powell,Vice Chair for Supervision Randal K. Quarles,"{'inflation': 0.0, 'employment': 0.091, 'other': 0.909}",Brief Remarks (via pre-recorded video),0.0,0.091,0.909
2019-11-25,1.76,1.55,Jerome Powell,Chair Jerome H. Powell,"{'inflation': 0.167, 'employment': 0.222, 'other': 0.611}",Building on the Gains from the Long Expansion,0.167,0.222,0.611
2019-12-18,1.92,1.55,Jerome Powell,Governor Lael Brainard,"{'inflation': 0.0, 'employment': 0.091, 'other': 0.909}","Update on Digital Currencies, Stablecoins, and the Challenges Ahead",0.0,0.091,0.909
2020-01-09,1.85,1.55,Jerome Powell,Vice Chair Richard H. Clarida,"{'inflation': 0.273, 'employment': 0.273, 'other': 0.455}",U.S. Economic Outlook and Monetary Policy,0.273,0.273,0.455
2020-01-16,1.81,1.54,Jerome Powell,Governor Michelle W. Bowman,"{'inflation': 0.071, 'employment': 0.071, 'other': 0.857}",The Outlook for Housing,0.071,0.071,0.857
2020-01-17,1.84,1.55,Jerome Powell,Vice Chair for Supervision Randal K. Quarles,"{'inflation': 0.0, 'employment': 0.0, 'other': 1.0}","Spontaneity and Order: Transparency, Accountability, and Fairness in Bank Supervision",0.0,0.0,1.0
2020-02-05,1.66,1.59,Jerome Powell,Governor Lael Brainard,"{'inflation': 0.0, 'employment': 0.0, 'other': 1.0}",The Digitalization of Payments and Currency: Some Issues for Consideration,0.0,0.0,1.0
2020-02-06,1.65,1.59,Jerome Powell,Vice Chair for Supervision Randal K. Quarles,"{'inflation': 0.308, 'employment': 0.154, 'other': 0.538}","The Economic Outlook, Monetary Policy, and the Demand for Reserves",0.308,0.154,0.538
2020-02-10,1.56,1.58,Jerome Powell,Governor Michelle W. Bowman,"{'inflation': 0.0, 'employment': 0.0, 'other': 1.0}",Empowering Community Banks,0.0,0.0,1.0
2020-02-11,1.59,1.58,Jerome Powell,Vice Chair for Supervision Randal K. Quarles,"{'inflation': 0.235, 'employment': 0.235, 'other': 0.529}","Spontaneity and Order:  Transparency, Accountability, and Fairness in Bank Supervision",0.235,0.235,0.529
2020-02-21,1.46,1.58,Jerome Powell,Vice Chair Richard H. Clarida,"{'inflation': 0.154, 'employment': 0.154, 'other': 0.692}",Financial Markets and Monetary Policy: Is There a Hall of Mirrors Problem?,0.154,0.154,0.692
2020-02-21,1.46,1.58,Jerome Powell,Governor Lael Brainard,"{'inflation': 0.417, 'employment': 0.0, 'other': 0.583}",Monetary Policy Strategies and Tools When Inflation and Interest Rates Are Low,0.417,0.0,0.583
2020-02-25,1.33,1.58,Jerome Powell,Vice Chair Richard H. Clarida,"{'inflation': 0.0, 'employment': 0.429, 'other': 0.571}",U.S. Economic Outlook and Monetary Policy,0.0,0.429,0.571
2020-02-27,1.3,1.58,Jerome Powell,Governor Michelle W. Bowman,"{'inflation': 0.2, 'employment': 0.2, 'other': 0.6}",Direction of Supervision: Impact of Payment System Innovation on Community Banks,0.2,0.2,0.6
2020-04-09,0.73,0.05,Jerome Powell,Chair Jerome H. Powell,"{'inflation': 0.077, 'employment': 0.154, 'other': 0.769}",COVID-19 and the Economy,0.077,0.154,0.769
2020-05-05,0.66,0.05,Jerome Powell,Governor Lael Brainard,"{'inflation': 0.0, 'employment': 0.0, 'other': 1.0}",Welcoming Remarks for Investment Connection – Response to COVID-19: Colorado,0.0,0.0,1.0
2020-05-13,0.64,0.05,Jerome Powell,Chair Jerome H. Powell,"{'inflation': 0.091, 'employment': 0.273, 'other': 0.636}",Current Economic Issues,0.091,0.273,0.636
2020-05-21,0.68,0.05,Jerome Powell,Vice Chair Richard H. Clarida,"{'inflation': 0.2, 'employment': 0.4, 'other': 0.4}",U.S. Economic Outlook and Monetary Policy,0.2,0.4,0.4
2020-05-21,0.68,0.05,Jerome Powell,Governor Lael Brainard,"{'inflation': 0.143, 'employment': 0.429, 'other': 0.429}",Introductory remarks for the Fed Listens panel on the COVID-19 pandemic,0.143,0.429,0.429
2020-05-21,0.68,0.05,Jerome Powell,Chair Jerome H. Powell,"{'inflation': 0.0, 'employment': 0.25, 'other': 0.75}",Opening Remarks,0.0,0.25,0.75
2020-06-16,0.75,0.09,Jerome Powell,Vice Chair Richard H. Clarida,"{'inflation': 0.125, 'employment': 0.25, 'other': 0.625}",U.S. Economic Outlook and Monetary Policy (via prerecorded video),0.125,0.25,0.625
2020-06-19,0.7,0.09,Jerome Powell,Vice Chair for Supervision Randal K. Quarles,"{'inflation': 0.1, 'employment': 0.2, 'other': 0.7}",The Adaptability of Stress Testing,0.1,0.2,0.7
2020-06-19,0.7,0.09,Jerome Powell,Chair Jerome H. Powell,"{'inflation': 0.0, 'employment': 0.4, 'other': 0.6}",Introductory Comments,0.0,0.4,0.6
2020-07-07,0.65,0.09,Jerome Powell,Vice Chair for Supervision and Chair of the Financial Stability Board Randal K. Quarles,"{'inflation': 0.13, 'employment': 0.217, 'other': 0.652}",Global in Life and Orderly in Death: Post-Crisis Reforms and the Too-Big-to-Fail Question,0.13,0.217,0.652
2020-07-14,0.63,0.09,Jerome Powell,Governor Lael Brainard,"{'inflation': 0.125, 'employment': 0.25, 'other': 0.625}",Navigating Monetary Policy through the Fog of COVID,0.125,0.25,0.625
2020-08-06,0.55,0.1,Jerome Powell,Governor Lael Brainard,"{'inflation': 0.0, 'employment': 0.571, 'other': 0.429}",The Future of Retail Payments in the United States,0.0,0.571,0.429
2020-08-13,0.71,0.1,Jerome Powell,Governor Lael Brainard,"{'inflation': 0.2, 'employment': 0.1, 'other': 0.7}",An Update on Digital Currencies,0.2,0.1,0.7
2020-08-19,0.68,0.09,Jerome Powell,Governor Michelle W. Bowman,"{'inflation': 0.143, 'employment': 0.0, 'other': 0.857}",Brief Remarks,0.143,0.0,0.857
2020-08-26,0.69,0.09,Jerome Powell,Governor Michelle W. Bowman,"{'inflation': 0.15, 'employment': 0.25, 'other': 0.6}",The Pandemic’s Effect on the Economy and Banking,0.15,0.25,0.6
2020-08-27,0.74,0.08,Jerome Powell,Chair Jerome H. Powell,"{'inflation': 0.214, 'employment': 0.143, 'other': 0.643}",New Economic Challenges and the Fed's Monetary Policy Review,0.214,0.143,0.643
2020-08-31,0.72,0.09,Jerome Powell,Vice Chair Richard H. Clarida,"{'inflation': 0.429, 'employment': 0.143, 'other': 0.429}",The Federal Reserve’s New Monetary Policy Framework: A Robust Evolution,0.429,0.143,0.429
2020-09-21,0.68,0.09,Jerome Powell,Governor Lael Brainard,"{'inflation': 0.0, 'employment': 0.0, 'other': 1.0}",Strengthening the CRA to Meet the Challenges of Our Time,0.0,0.0,1.0
2020-09-23,0.68,0.09,Jerome Powell,Vice Chair for Supervision Randal K. Quarles,"{'inflation': 0.2, 'employment': 0.0, 'other': 0.8}",Optimism in the Time of COVID,0.2,0.0,0.8
2020-09-30,0.69,0.09,Jerome Powell,Governor Michelle W. Bowman,"{'inflation': 0.4, 'employment': 0.2, 'other': 0.4}",Community Banks Rise to the Challenge,0.4,0.2,0.4
2020-10-01,0.68,0.09,Jerome Powell,Governor Michelle W. Bowman,"{'inflation': 0.154, 'employment': 0.308, 'other': 0.538}",Mortgage Market Regulation and Access to Mortgage Credit,0.154,0.308,0.538
2020-10-01,0.68,0.09,Jerome Powell,Governor Lael Brainard,"{'inflation': 0.133, 'employment': 0.267, 'other': 0.6}",Modernizing and Strengthening CRA Regulations: Hearing from Community Banks,0.133,0.267,0.6
2020-10-06,0.76,0.09,Jerome Powell,Chair Jerome H. Powell,"{'inflation': 0.062, 'employment': 0.312, 'other': 0.625}",Recent Economic Developments and the Challenges Ahead,0.062,0.312,0.625
2020-10-14,0.73,0.09,Jerome Powell,Vice Chair for Supervision Randal K. Quarles,"{'inflation': 0.091, 'employment': 0.364, 'other': 0.545}",Remarks at the Hoover Institution,0.091,0.364,0.545
2020-10-14,0.73,0.09,Jerome Powell,Vice Chair Richard H. Clarida,"{'inflation': 0.091, 'employment': 0.333, 'other': 0.576}",U.S. Economic Outlook and Monetary Policy,0.091,0.333,0.576
2020-10-15,0.74,0.09,Jerome Powell,Governor Lael Brainard,"{'inflation': 0.0, 'employment': 0.5, 'other': 0.5}",Modernizing and Strengthening CRA Regulations: A Conversation with Minority Depository Institutions,0.0,0.5,0.5
2020-10-15,0.74,0.09,Jerome Powell,Vice Chair for Supervision Randal K. Quarles,"{'inflation': 0.143, 'employment': 0.143, 'other': 0.714}",What Happened? What Have We Learned From It? Lessons from COVID-19 Stress on the Financial System,0.143,0.143,0.714
2020-10-19,0.78,0.09,Jerome Powell,Vice Chair Richard H. Clarida,"{'inflation': 0.111, 'employment': 0.444, 'other': 0.444}","U.S. Economic Outlook, Monetary Policy, and Initiatives to Sustain the Flow of Credit to Households and Firms",0.111,0.444,0.444
2020-10-20,0.81,0.09,Jerome Powell,Vice Chair for Supervision Randal K. Quarles,"{'inflation': 0.125, 'employment': 0.25, 'other': 0.625}",The Financial Stability Board’s Roadmap for Addressing NBFI Vulnerabilities,0.125,0.25,0.625
2020-10-20,0.81,0.09,Jerome Powell,Governor Lael Brainard,"{'inflation': 0.167, 'employment': 0.25, 'other': 0.583}",Modernizing and Strengthening CRA Regulations: A Conversation with the Housing Community,0.167,0.25,0.583
2020-10-21,0.83,0.09,Jerome Powell,Governor Lael Brainard,"{'inflation': 0.125, 'employment': 0.375, 'other': 0.5}",Achieving a Broad-Based and Inclusive Recovery,0.125,0.375,0.5
2020-11-10,0.98,0.09,Jerome Powell,Governor Lael Brainard,"{'inflation': 0.0, 'employment': 0.0, 'other': 1.0}",Modernizing and Strengthening CRA Regulations: A Conversation with the National Congress of American Indians,0.0,0.0,1.0
2020-11-16,0.91,0.09,Jerome Powell,Vice Chair Richard H. Clarida,"{'inflation': 0.429, 'employment': 0.0, 'other': 0.571}",The Federal Reserve's New Framework: Context and Consequences,0.429,0.0,0.571
2020-11-17,0.87,0.09,Jerome Powell,Governor Lael Brainard,"{'inflation': 0.0, 'employment': 0.375, 'other': 0.625}",Strengthening Diversity and Inclusion in Economics,0.0,0.375,0.625
2020-11-19,0.86,0.08,Jerome Powell,Governor Michelle W. Bowman,"{'inflation': 0.0, 'employment': 0.0, 'other': 1.0}",The Changing Structure of Mortgage Markets and Financial Stability,0.0,0.0,1.0
2020-12-01,0.92,0.09,Jerome Powell,Governor Lael Brainard,"{'inflation': 0.091, 'employment': 0.182, 'other': 0.727}",Modernizing and Strengthening CRA Regulations: A Conversation with the Chicago Community Trust,0.091,0.182,0.727
2020-12-04,0.97,0.09,Jerome Powell,Governor Michelle W. Bowman,"{'inflation': 0.1, 'employment': 0.35, 'other': 0.55}",Technology and the Regulatory Agenda for Community Banking,0.1,0.35,0.55
2020-12-11,0.9,0.09,Jerome Powell,Vice Chair for Supervision Randal K. Quarles,"{'inflation': 0.0, 'employment': 0.0, 'other': 1.0}",The Eye of Providence: Thoughts on the Evolution of Bank Supervision,0.0,0.0,1.0
2020-12-17,0.94,0.09,Jerome Powell,Governor Lael Brainard,"{'inflation': 0.222, 'employment': 0.0, 'other': 0.778}",Modernizing and Strengthening CRA Regulations: A Conversation with the  Consumer Bankers Association,0.222,0.0,0.778
2020-12-18,0.95,0.09,Jerome Powell,Governor Lael Brainard,"{'inflation': 0.0, 'employment': 0.0, 'other': 1.0}",Strengthening the Financial System to Meet the Challenge of Climate Change,0.0,0.0,1.0
2021-01-08,1.13,0.09,Jerome Powell,Vice Chair Richard H. Clarida,"{'inflation': 0.4, 'employment': 0.4, 'other': 0.2}",U.S. Economic Outlook and Monetary Policy,0.4,0.4,0.2
2021-01-13,1.1,0.09,Jerome Powell,Vice Chair Richard H. Clarida,"{'inflation': 0.375, 'employment': 0.375, 'other': 0.25}",The Federal Reserve's New Framework: Context and Consequences,0.375,0.375,0.25
2021-01-13,1.1,0.09,Jerome Powell,Governor Lael Brainard,"{'inflation': 0.222, 'employment': 0.444, 'other': 0.333}",Full Employment in the New Monetary Policy Framework,0.222,0.444,0.333
2021-02-10,1.15,0.08,Jerome Powell,Chair Jerome H. Powell,"{'inflation': 0.1, 'employment': 0.4, 'other': 0.5}",Getting Back to a Strong Labor Market,0.1,0.4,0.5
2021-02-16,1.3,0.08,Jerome Powell,Governor Michelle W. Bowman,"{'inflation': 0.111, 'employment': 0.444, 'other': 0.444}",My Perspective on Bank Regulation and Supervision,0.111,0.444,0.444
2021-02-18,1.29,0.07,Jerome Powell,Governor Lael Brainard,"{'inflation': 0.0, 'employment': 0.273, 'other': 0.727}",The Role of Financial Institutions in Tackling the Challenges of Climate Change,0.0,0.273,0.727
2021-02-22,1.37,0.07,Jerome Powell,Governor Michelle W. Bowman,"{'inflation': 0.0, 'employment': 0.727, 'other': 0.273}",Economic Inclusion in Lower-Income Communities,0.0,0.727,0.273
2021-02-24,1.38,0.07,Jerome Powell,Governor Lael Brainard,"{'inflation': 0.0, 'employment': 0.5, 'other': 0.5}",How Should We Think about Full Employment in the Federal Reserve's Dual Mandate?,0.0,0.5,0.5
2021-02-24,1.38,0.07,Jerome Powell,Vice Chair Richard H. Clarida,"{'inflation': 0.1, 'employment': 0.6, 'other': 0.3}",U.S. Economic Outlook and Monetary Policy,0.1,0.6,0.3
2021-02-25,1.54,0.07,Jerome Powell,Vice Chair for Supervision Randal K. Quarles,"{'inflation': 0.267, 'employment': 0.267, 'other': 0.467}",Themistocles and the Mathematicians: The Role of Stress Testing,0.267,0.267,0.467
2021-03-01,1.45,0.07,Jerome Powell,Governor Lael Brainard,"{'inflation': 0.0, 'employment': 0.083, 'other': 0.917}",Some Preliminary Financial Stability Lessons from the COVID-19 Shock,0.0,0.083,0.917
2021-03-02,1.42,0.07,Jerome Powell,Governor Lael Brainard,"{'inflation': 0.154, 'employment': 0.385, 'other': 0.462}",U.S. Economic Outlook and Monetary Policy: An Update,0.154,0.385,0.462
2021-03-18,1.71,0.07,Jerome Powell,Chair Jerome H. Powell,"{'inflation': 0.077, 'employment': 0.385, 'other': 0.538}",Closing Remarks,0.077,0.385,0.538
2021-03-22,1.69,0.07,Jerome Powell,Governor Michelle W. Bowman,"{'inflation': 0.0, 'employment': 0.769, 'other': 0.231}",The Economic Outlook and Prospects for Small Business,0.0,0.769,0.231
2021-03-22,1.69,0.07,Jerome Powell,Vice Chair for Supervision Randal K. Quarles,"{'inflation': 0.0, 'employment': 0.083, 'other': 0.917}",Keynote Remarks,0.0,0.083,0.917
2021-03-23,1.63,0.07,Jerome Powell,Governor Lael Brainard,"{'inflation': 0.0, 'employment': 0.0, 'other': 1.0}",Financial Stability Implications of Climate Change,0.0,0.0,1.0
2021-03-23,1.63,0.07,Jerome Powell,Governor Lael Brainard,"{'inflation': 0.333, 'employment': 0.333, 'other': 0.333}",Remaining Patient as the Outlook Brightens,0.333,0.333,0.333
2021-03-25,1.63,0.07,Jerome Powell,Vice Chair Richard H. Clarida,"{'inflation': 0.333, 'employment': 0.25, 'other': 0.417}",U.S. Economic Outlook and Monetary Policy,0.333,0.25,0.417
2021-03-29,1.73,0.07,Jerome Powell,Governor Christopher J. Waller,"{'inflation': 0.0, 'employment': 0.167, 'other': 0.833}",Treasury–Federal Reserve Cooperation and the Importance of Central Bank Independence,0.0,0.167,0.833
2021-03-30,1.73,0.07,Jerome Powell,Vice Chair for Supervision and Chair of the Financial Stability Board Randal K. Quarles,"{'inflation': 0.0, 'employment': 0.0, 'other': 1.0}","The FSB in 2021:  Addressing Financial Stability Challenges in an Age of Interconnectedness, Innovation, and Change",0.0,0.0,1.0
2021-04-14,1.64,0.07,Jerome Powell,Vice Chair Richard H. Clarida,"{'inflation': 0.333, 'employment': 0.222, 'other': 0.444}",The Federal Reserve's New Framework and Outcome-Based Forward Guidance,0.333,0.222,0.444
2021-05-03,1.63,0.06,Jerome Powell,Chair Jerome H. Powell,"{'inflation': 0.077, 'employment': 0.462, 'other': 0.462}",Community Development,0.077,0.462,0.462
2021-05-05,1.59,0.06,Jerome Powell,Governor Michelle W. Bowman,"{'inflation': 0.167, 'employment': 0.333, 'other': 0.5}",The Economic Outlook and Implications for Monetary Policy,0.167,0.333,0.5
2021-05-11,1.64,0.06,Jerome Powell,Governor Lael Brainard,"{'inflation': 0.25, 'employment': 0.125, 'other': 0.625}",Patience and Progress as the Economy Reopens and Recovers,0.25,0.125,0.625
2021-05-12,1.69,0.06,Jerome Powell,Vice Chair Richard H. Clarida,"{'inflation': 0.222, 'employment': 0.222, 'other': 0.556}",U.S. Economic Outlook and Monetary Policy,0.222,0.222,0.556
2021-05-13,1.66,0.06,Jerome Powell,Governor Christopher J. Waller,"{'inflation': 0.0, 'employment': 0.2, 'other': 0.8}",The Economic Outlook and Monetary Policy,0.0,0.2,0.8
2021-05-17,1.64,0.06,Jerome Powell,Vice Chair Richard H. Clarida,"{'inflation': 0.0, 'employment': 0.143, 'other': 0.857}","Sovereign Markets, Global Factors",0.0,0.143,0.857
2021-05-24,1.61,0.06,Jerome Powell,Governor Lael Brainard,"{'inflation': 0.0, 'employment': 0.0, 'other': 1.0}",Private Money and Central Bank Money as Payments Go Digital: an Update on CBDCs,0.0,0.0,1.0
2021-05-26,1.58,0.06,Jerome Powell,Vice Chair for Supervision Randal K. Quarles,"{'inflation': 0.176, 'employment': 0.235, 'other': 0.588}",Remarks,0.176,0.235,0.588
2021-05-26,1.58,0.06,Jerome Powell,Vice Chair for Supervision Randal K. Quarles,"{'inflation': 0.5, 'employment': 0.125, 'other': 0.375}",The Economic Outlook and Monetary Policy,0.5,0.125,0.375
2021-06-01,1.62,0.06,Jerome Powell,Governor Lael Brainard,"{'inflation': 0.333, 'employment': 0.333, 'other': 0.333}",Remaining Steady as the Economy Reopens,0.333,0.333,0.333
2021-06-03,1.63,0.06,Jerome Powell,Vice Chair for Supervision Randal K. Quarles,"{'inflation': 0.0, 'employment': 0.182, 'other': 0.818}","Jet Flight, Mail Bags, and Banking Regulation",0.0,0.182,0.818
2021-06-23,1.5,0.1,Jerome Powell,Governor Michelle W. Bowman,"{'inflation': 0.15, 'employment': 0.2, 'other': 0.65}",Building Economic Resilience in Communities,0.15,0.2,0.65
2021-06-28,1.49,0.1,Jerome Powell,Vice Chair for Supervision Randal K. Quarles,"{'inflation': 0.0, 'employment': 0.167, 'other': 0.833}",Parachute Pants and Central Bank Money,0.0,0.167,0.833
2021-07-11,1.37,0.1,Jerome Powell,Vice Chair for Supervision Randal K. Quarles,"{'inflation': 0.333, 'employment': 0.111, 'other': 0.556}",Disclosures and Data: Building Strong Foundations for Addressing Climate-Related Financial Risks,0.333,0.111,0.556
2021-07-30,1.24,0.07,Jerome Powell,Governor Lael Brainard,"{'inflation': 0.133, 'employment': 0.267, 'other': 0.6}",Assessing Progress as the Economy Moves from Reopening to Recovery,0.133,0.267,0.6
2021-08-03,1.19,0.1,Jerome Powell,Governor Michelle W. Bowman,"{'inflation': 0.0, 'employment': 0.444, 'other': 0.556}",Welcoming Remarks,0.0,0.444,0.556
2021-08-04,1.19,0.1,Jerome Powell,Vice Chair Richard H. Clarida,"{'inflation': 0.286, 'employment': 0.143, 'other': 0.571}","Outlooks, Outcomes, and Prospects for U.S. Monetary Policy",0.286,0.143,0.571
2021-08-17,1.26,0.1,Jerome Powell,Chair Jerome H. Powell,"{'inflation': 0.0, 'employment': 0.333, 'other': 0.667}",Welcoming Remarks,0.0,0.333,0.667
2021-08-27,1.31,0.08,Jerome Powell,Chair Jerome H. Powell,"{'inflation': 0.167, 'employment': 0.667, 'other': 0.167}",Monetary Policy in the Time of COVID,0.167,0.667,0.167
2021-09-09,1.3,0.08,Jerome Powell,Governor Michelle W. Bowman,"{'inflation': 0.125, 'employment': 0.25, 'other': 0.625}",Community Bank Access to Innovation,0.125,0.25,0.625
2021-09-24,1.47,0.08,Jerome Powell,Chair Jerome H. Powell,"{'inflation': 0.0, 'employment': 0.333, 'other': 0.667}",Introductory Remarks,0.0,0.333,0.667
2021-09-27,1.48,0.08,Jerome Powell,Governor Lael Brainard,"{'inflation': 0.1, 'employment': 0.6, 'other': 0.3}",Navigating Delta Headwinds on the Path to a Full Recovery,0.1,0.6,0.3
2021-09-28,1.54,0.08,Jerome Powell,Governor Michelle W. Bowman,"{'inflation': 0.3, 'employment': 0.7, 'other': 0.0}",Creating a New Model for the Future of Supervision,0.3,0.7,0.0
2021-10-05,1.54,0.08,Jerome Powell,Vice Chair for Supervision Randal K. Quarles,"{'inflation': 0.5, 'employment': 0.0, 'other': 0.5}",Goodbye to All That: The End of LIBOR,0.5,0.0,0.5
2021-10-07,1.58,0.08,Jerome Powell,Governor Lael Brainard,"{'inflation': 0.0, 'employment': 0.143, 'other': 0.857}",Building Climate Scenario Analysis on the Foundations of Economic Research,0.0,0.143,0.857
2021-10-12,1.59,0.08,Jerome Powell,Vice Chair Richard H. Clarida,"{'inflation': 0.167, 'employment': 0.333, 'other': 0.5}",U.S. Economic Outlook and Monetary Policy,0.167,0.333,0.5
2021-10-13,1.56,0.08,Jerome Powell,Governor Michelle W. Bowman,"{'inflation': 0.273, 'employment': 0.273, 'other': 0.455}",The View from Here:  The Outlook for the U.S. Economy and Implications for Monetary Policy,0.273,0.273,0.455
2021-10-13,1.56,0.08,Jerome Powell,Governor Lael Brainard,"{'inflation': 0.071, 'employment': 0.214, 'other': 0.714}",Financial Inclusion and Economic Challenges in the Shadow of the Pandemic: A Conversation with Tribal Leaders,0.071,0.214,0.714
2021-10-18,1.59,0.08,Jerome Powell,Governor Randal K. Quarles,"{'inflation': 0.0, 'employment': 0.0, 'other': 1.0}",Financial Stability and Coordination in Times of Crisis,0.0,0.0,1.0
2021-10-19,1.65,0.08,Jerome Powell,Governor Christopher J. Waller,"{'inflation': 0.308, 'employment': 0.231, 'other': 0.462}",The Economic Outlook and a Cautionary Tale  on “Idiosyncratic” Price Changes and Inflation,0.308,0.231,0.462
2021-10-19,1.65,0.08,Jerome Powell,Governor Michelle W. Bowman,"{'inflation': 0.0, 'employment': 0.467, 'other': 0.533}",Welcoming Remarks,0.0,0.467,0.533
2021-10-20,1.65,0.08,Jerome Powell,Governor Randal K. Quarles,"{'inflation': 0.385, 'employment': 0.154, 'other': 0.462}",How Long is Too Long?  How High is Too High?: Managing Recent Inflation Developments  within the FOMC’s Monetary Policy Framework,0.385,0.154,0.462
2021-10-22,1.66,0.08,Jerome Powell,Governor Michelle W. Bowman,"{'inflation': 0.0, 'employment': 0.417, 'other': 0.583}",The Lack of New Bank Formations is a Significant Issue for the Banking Industry,0.0,0.417,0.583
2021-11-08,1.51,0.08,Jerome Powell,Vice Chair Richard H. Clarida,"{'inflation': 0.455, 'employment': 0.182, 'other': 0.364}",Flexible Average Inflation Targeting and Prospects for U.S. Monetary Policy,0.455,0.182,0.364
2021-11-08,1.51,0.08,Jerome Powell,Governor Michelle W. Bowman,"{'inflation': 0.538, 'employment': 0.154, 'other': 0.308}",The U.S. Housing and Mortgage Market: Risks and Resilience,0.538,0.154,0.308
2021-11-08,1.51,0.08,Jerome Powell,Chair Jerome H. Powell,"{'inflation': 0.0, 'employment': 0.375, 'other': 0.625}",Opening Remarks,0.0,0.375,0.625
2021-11-09,1.46,0.08,Jerome Powell,Chair Jerome H. Powell,"{'inflation': 0.0, 'employment': 0.6, 'other': 0.4}",Opening Remarks,0.0,0.6,0.4
2021-11-17,1.6,0.08,Jerome Powell,Governor Christopher J. Waller,"{'inflation': 0.0, 'employment': 0.0, 'other': 1.0}",Reflections on Stablecoins and Payments Innovations,0.0,0.0,1.0
2021-11-29,1.52,0.08,Jerome Powell,Governor Michelle W. Bowman,"{'inflation': 0.182, 'employment': 0.0, 'other': 0.818}","Engagement, Research and Policy: Integrating Indigenous Voices into Economic Inclusion at the Federal Reserve",0.182,0.0,0.818
2021-11-29,1.52,0.08,Jerome Powell,Chair Jerome H. Powell,"{'inflation': 0.0, 'employment': 0.0, 'other': 1.0}",Opening Remarks,0.0,0.0,1.0
2021-11-30,1.43,0.07,Jerome Powell,Vice Chair Richard H. Clarida,"{'inflation': 0.0, 'employment': 0.071, 'other': 0.929}",Federal Reserve Independence: Foundations and Responsibilities,0.0,0.071,0.929
2021-12-02,1.44,0.08,Jerome Powell,Governor Randal K. Quarles,"{'inflation': 0.154, 'employment': 0.308, 'other': 0.538}",Between the Hither and the Farther Shore: Thoughts on Unfinished Business,0.154,0.308,0.538
2021-12-17,1.41,0.08,Jerome Powell,Governor Christopher J. Waller,"{'inflation': 0.167, 'employment': 0.167, 'other': 0.667}",A Hopeless and Imperative Endeavor: Lessons from the Pandemic for Economic Forecasters,0.167,0.167,0.667
2022-02-18,1.92,0.08,Jerome Powell,Governor Christopher J. Waller,"{'inflation': 0.0, 'employment': 0.0, 'other': 1.0}","Comments on ""Some Benefits and Risks of a Hot Economy""",0.0,0.0,1.0
2022-02-18,1.92,0.08,Jerome Powell,Governor Lael Brainard,"{'inflation': 0.333, 'employment': 0.222, 'other': 0.444}",Preparing for the Financial System of the Future,0.333,0.222,0.444
2022-02-21,1.92,0.08,Jerome Powell,Governor Michelle W. Bowman,"{'inflation': 0.471, 'employment': 0.235, 'other': 0.294}",High Inflation and the Outlook for Monetary Policy,0.471,0.235,0.294
2022-02-24,1.96,0.08,Jerome Powell,Governor Christopher J. Waller,"{'inflation': 0.417, 'employment': 0.167, 'other': 0.417}",Fighting Inflation with Rate Hikes and Balance Sheet Reduction,0.417,0.167,0.417
2022-03-18,2.14,0.33,Jerome Powell,Governor Michelle W. Bowman,"{'inflation': 0.25, 'employment': 0.25, 'other': 0.5}",Welcoming Remarks,0.25,0.25,0.5
2022-03-21,2.32,0.33,Jerome Powell,Chair Pro Tempore Jerome H. Powell,"{'inflation': 0.3, 'employment': 0.4, 'other': 0.3}",Restoring Price Stability,0.3,0.4,0.3
2022-03-24,2.34,0.33,Jerome Powell,Governor Christopher J. Waller,"{'inflation': 0.167, 'employment': 0.0, 'other': 0.833}",The Red Hot Housing Market: the Role of Policy and Implications for Housing Affordability,0.167,0.0,0.833
2022-04-05,2.54,0.33,Jerome Powell,Governor Lael Brainard,"{'inflation': 0.727, 'employment': 0.0, 'other': 0.273}",Variation in the Inflation Experiences of Households,0.727,0.0,0.273
2022-05-06,3.12,0.83,Jerome Powell,Governor Christopher J. Waller,"{'inflation': 0.235, 'employment': 0.353, 'other': 0.412}",Reflections on Monetary Policy in 2021,0.235,0.353,0.412
2022-05-24,2.76,0.83,Jerome Powell,Chair Jerome H. Powell,"{'inflation': 0.2, 'employment': 0.3, 'other': 0.5}",Welcoming Remarks,0.2,0.3,0.5
2022-05-25,2.75,0.83,Jerome Powell,Vice Chair Lael Brainard,"{'inflation': 0.636, 'employment': 0.091, 'other': 0.273}",Commencement Remarks,0.636,0.091,0.273
2022-05-30,2.74,0.83,Jerome Powell,Governor Christopher J. Waller,"{'inflation': 0.167, 'employment': 0.167, 'other': 0.667}","Responding to High Inflation, with Some Thoughts on a Soft Landing",0.167,0.167,0.667
2022-06-03,2.96,0.83,Jerome Powell,Governor Christopher J. Waller,"{'inflation': 0.286, 'employment': 0.214, 'other': 0.5}",Risk in the Crypto Markets,0.286,0.214,0.5
2022-06-17,3.25,1.58,Jerome Powell,Chair Jerome H. Powell,"{'inflation': 0.167, 'employment': 0.167, 'other': 0.667}",Welcoming Remarks,0.167,0.167,0.667
2022-06-18,3.25,1.58,Jerome Powell,Governor Christopher J. Waller,"{'inflation': 0.111, 'employment': 0.333, 'other': 0.556}",Lessons Learned on Normalizing Monetary Policy,0.111,0.333,0.556
2022-06-23,3.09,1.58,Jerome Powell,Governor Michelle W. Bowman,"{'inflation': 0.688, 'employment': 0.188, 'other': 0.125}",The Outlook for Inflation and Monetary Policy,0.688,0.188,0.125
2022-07-08,3.09,1.58,Jerome Powell,Vice Chair Lael Brainard,"{'inflation': 0.143, 'employment': 0.286, 'other': 0.571}",Crypto-Assets and Decentralized Finance through a Financial Stability Lens,0.143,0.286,0.571
2022-07-14,2.96,1.58,Jerome Powell,Governor Christopher J. Waller,"{'inflation': 0.727, 'employment': 0.0, 'other': 0.273}",Monetary Policy in a World of Conflicting Data,0.727,0.0,0.273
2022-07-19,3.01,1.58,Jerome Powell,Vice Chair Lael Brainard,"{'inflation': 0.182, 'employment': 0.545, 'other': 0.273}",Strengthening the CRA: A Conversation with Representatives of Native Communities,0.182,0.545,0.273
2022-08-06,2.83,2.33,Jerome Powell,Governor Michelle W. Bowman,"{'inflation': 0.4, 'employment': 0.133, 'other': 0.467}",Fighting Inflation in Challenging Times,0.4,0.133,0.467
2022-08-17,2.89,2.33,Jerome Powell,Governor Michelle W. Bowman,"{'inflation': 0.214, 'employment': 0.143, 'other': 0.643}","Technology, Innovation, and Financial Services",0.214,0.143,0.643
2022-08-26,3.04,2.33,Jerome Powell,Chair Jerome H. Powell,"{'inflation': 0.556, 'employment': 0.0, 'other': 0.444}",Monetary Policy and Price Stability,0.556,0.0,0.444
2022-08-29,3.12,2.33,Jerome Powell,Vice Chair Lael Brainard,"{'inflation': 0.286, 'employment': 0.143, 'other': 0.571}",Progress on Fast Payments for All: An Update on FedNow,0.286,0.143,0.571
2022-09-07,3.27,2.33,Jerome Powell,Vice Chair Lael Brainard,"{'inflation': 0.467, 'employment': 0.133, 'other': 0.4}",Bringing Inflation Down,0.467,0.133,0.4
2022-09-09,3.33,2.33,Jerome Powell,Governor Christopher J. Waller,"{'inflation': 0.455, 'employment': 0.091, 'other': 0.455}",The Economic Outlook: Time to Let the Data Do the Talking,0.455,0.091,0.455
2022-09-28,3.72,3.08,Jerome Powell,Chair Jerome H. Powell,"{'inflation': 0.0, 'employment': 0.0, 'other': 1.0}",Welcoming Remarks,0.0,0.0,1.0
2022-09-28,3.72,3.08,Jerome Powell,Governor Michelle W. Bowman,"{'inflation': 0.0, 'employment': 0.25, 'other': 0.75}",The New Landscape for Banking Competition,0.0,0.25,0.75
2022-09-30,3.83,3.08,Jerome Powell,Governor Michelle W. Bowman,"{'inflation': 0.0, 'employment': 0.429, 'other': 0.571}",Large Bank Supervision and Regulation,0.0,0.429,0.571
2022-09-30,3.83,3.08,Jerome Powell,Vice Chair Lael Brainard,"{'inflation': 0.235, 'employment': 0.0, 'other': 0.765}",Global Financial Stability Considerations for Monetary Policy in a High-Inflation Environment,0.235,0.0,0.765
2022-10-04,3.62,3.08,Jerome Powell,Governor Philip N. Jefferson,"{'inflation': 0.214, 'employment': 0.214, 'other': 0.571}",Technology’s Impact on the Post-Pandemic Economy,0.214,0.214,0.571
2022-10-06,3.83,3.08,Jerome Powell,Governor Lisa D. Cook,"{'inflation': 0.368, 'employment': 0.053, 'other': 0.579}",Economic Outlook,0.368,0.053,0.579
2022-10-06,3.83,3.08,Jerome Powell,Governor Christopher J. Waller,"{'inflation': 0.467, 'employment': 0.2, 'other': 0.333}",The Economic Outlook with a Look at the Housing Market,0.467,0.2,0.333
2022-10-10,3.89,3.08,Jerome Powell,Vice Chair Lael Brainard,"{'inflation': 0.385, 'employment': 0.231, 'other': 0.385}",Restoring Price Stability in an Uncertain Economic Environment,0.385,0.231,0.385
2022-10-12,3.91,3.08,Jerome Powell,Vice Chair for Supervision Michael S. Barr,"{'inflation': 0.15, 'employment': 0.45, 'other': 0.4}",Managing the Promise and Risk of Financial Innovation,0.15,0.45,0.4
2022-10-12,3.91,3.08,Jerome Powell,Governor Michelle W. Bowman,"{'inflation': 0.143, 'employment': 0.143, 'other': 0.714}",Forward Guidance as a Monetary Policy Tool: Considerations for the Current Economic Environment,0.143,0.143,0.714
2022-10-20,4.24,3.08,Jerome Powell,Governor Michelle W. Bowman,"{'inflation': 0.0, 'employment': 0.5, 'other': 0.5}",Welcoming Remarks,0.0,0.5,0.5
2022-11-16,3.67,3.83,Jerome Powell,Governor Christopher J. Waller,"{'inflation': 0.364, 'employment': 0.0, 'other': 0.636}",The Economic Outlook and a Word of Caution on Inflation,0.364,0.0,0.636
2022-11-17,3.77,3.83,Jerome Powell,Governor Michelle W. Bowman,"{'inflation': 0.211, 'employment': 0.316, 'other': 0.474}",Financial Education,0.211,0.316,0.474
2022-11-17,3.77,3.83,Jerome Powell,Governor Philip N. Jefferson,"{'inflation': 0.222, 'employment': 0.333, 'other': 0.444}",Opportunity and Inclusive Economic Growth,0.222,0.333,0.444
2022-11-28,3.69,3.83,Jerome Powell,Vice Chair Lael Brainard,"{'inflation': 0.2, 'employment': 0.2, 'other': 0.6}","What Can We Learn from the Pandemic and the War  about Supply Shocks, Inflation, and Monetary Policy?",0.2,0.2,0.6
2022-11-30,3.68,3.83,Jerome Powell,Governor Lisa D. Cook,"{'inflation': 0.25, 'employment': 0.75, 'other': 0.0}",The Economic Outlook and U.S. Productivity,0.25,0.75,0.0
2022-11-30,3.68,3.83,Jerome Powell,Chair Jerome H. Powell,"{'inflation': 0.429, 'employment': 0.286, 'other': 0.286}",Inflation and the Labor Market,0.429,0.286,0.286
2022-12-01,3.53,3.83,Jerome Powell,Vice Chair for Supervision Michael S. Barr,"{'inflation': 0.182, 'employment': 0.091, 'other': 0.727}",Why Bank Capital Matters,0.182,0.091,0.727
2023-01-06,3.55,4.33,Jerome Powell,Governor Lisa D. Cook,"{'inflation': 0.684, 'employment': 0.0, 'other': 0.316}",Thoughts on Inflation in a Supply-Constrained Economy,0.684,0.0,0.316
2023-01-10,3.61,4.33,Jerome Powell,Chair Jerome H. Powell,"{'inflation': 0.143, 'employment': 0.357, 'other': 0.5}","Panel on ""Central Bank Independence and the Mandate—Evolving Views""",0.143,0.357,0.5
2023-01-19,3.39,4.33,Jerome Powell,Vice Chair Lael Brainard,"{'inflation': 0.2, 'employment': 0.4, 'other': 0.4}",Staying the Course to Bring Inflation Down,0.2,0.4,0.4
2023-01-20,3.48,4.33,Jerome Powell,Governor Christopher J. Waller,"{'inflation': 0.474, 'employment': 0.263, 'other': 0.263}",A Case for Cautious Optimism,0.474,0.263,0.263
2023-02-07,3.67,4.58,Jerome Powell,Vice Chair for Supervision Michael S. Barr,"{'inflation': 0.062, 'employment': 0.25, 'other': 0.688}",Remarks at the “Banking on Financial Inclusion” Conference,0.062,0.25,0.688
2023-02-08,3.63,4.58,Jerome Powell,Governor Christopher J. Waller,"{'inflation': 0.714, 'employment': 0.0, 'other': 0.286}","The Inflation Rate for Necessities: A Look at Food, Energy and Shelter Inflation",0.714,0.0,0.286
2023-02-10,3.74,4.58,Jerome Powell,Governor Christopher J. Waller,"{'inflation': 0.0, 'employment': 0.0, 'other': 1.0}",Thoughts on the Crypto Ecosystem,0.0,0.0,1.0
2023-02-15,3.81,4.58,Jerome Powell,Governor Michelle W. Bowman,"{'inflation': 0.0, 'employment': 0.417, 'other': 0.583}",Welcoming Remarks,0.0,0.417,0.583
2023-02-16,3.86,4.58,Jerome Powell,Governor Lisa D. Cook,"{'inflation': 0.0, 'employment': 0.625, 'other': 0.375}",Welcome Remarks,0.0,0.625,0.375
2023-02-27,3.92,4.57,Jerome Powell,Governor Philip N. Jefferson,"{'inflation': 0.556, 'employment': 0.111, 'other': 0.333}",Recent Inflation and the Dual Mandate,0.556,0.111,0.333
2023-03-02,4.08,4.57,Jerome Powell,Governor Christopher J. Waller,"{'inflation': 0.444, 'employment': 0.278, 'other': 0.278}",February’s Hot Data Releases,0.444,0.278,0.278
2023-03-03,3.97,4.57,Jerome Powell,Governor Michelle W. Bowman,"{'inflation': 0.25, 'employment': 0.25, 'other': 0.5}",Panel on “Design Issues for Central Bank Facilities in the Future”,0.25,0.25,0.5
2023-03-09,3.93,4.57,Jerome Powell,Vice Chair for Supervision Michael S. Barr,"{'inflation': 0.3, 'employment': 0.1, 'other': 0.6}",Supporting Innovation with Guardrails: The Federal Reserve’s Approach to Supervision and Regulation of Banks’ Crypto-related Activities,0.3,0.1,0.6
2023-03-14,3.64,4.58,Jerome Powell,Governor Michelle W. Bowman,"{'inflation': 0.0, 'employment': 0.214, 'other': 0.786}",The Innovation Imperative: Modernizing Traditional Banking,0.0,0.214,0.786
2023-03-27,3.53,4.83,Jerome Powell,Governor Philip N. Jefferson,"{'inflation': 0.364, 'employment': 0.091, 'other': 0.545}",Implementation and Transmission of Monetary Policy,0.364,0.091,0.545
2023-03-31,3.48,4.83,Jerome Powell,Governor Lisa D. Cook,"{'inflation': 0.31, 'employment': 0.276, 'other': 0.414}",The U.S. Economic Outlook and Monetary Policy,0.31,0.276,0.414
2023-04-04,3.35,4.83,Jerome Powell,Governor Lisa D. Cook,"{'inflation': 0.0, 'employment': 0.5, 'other': 0.5}",Welcoming Remarks,0.0,0.5,0.5
2023-04-14,3.52,4.83,Jerome Powell,Governor Michelle W. Bowman,"{'inflation': 0.0, 'employment': 0.571, 'other': 0.429}",The Consequences of Fewer Banks in the U.S. Banking System,0.0,0.571,0.429
2023-04-14,3.52,4.83,Jerome Powell,Governor Christopher J. Waller,"{'inflation': 0.25, 'employment': 0.2, 'other': 0.55}",Financial Stabilization and Macroeconomic Stabilization:  Two Tools for Two Problems,0.25,0.2,0.55
2023-04-18,3.58,4.83,Jerome Powell,Governor Michelle W. Bowman,"{'inflation': 0.0, 'employment': 0.0, 'other': 1.0}",Considerations for a Central Bank Digital Currency,0.0,0.0,1.0
2023-04-20,3.54,4.83,Jerome Powell,Governor Christopher J. Waller,"{'inflation': 0.0, 'employment': 0.0, 'other': 1.0}",Innovation and the Future of Finance,0.0,0.0,1.0
2023-04-20,3.54,4.83,Jerome Powell,Governor Michelle W. Bowman,"{'inflation': 0.125, 'employment': 0.25, 'other': 0.625}",Brief Remarks,0.125,0.25,0.625
2023-05-05,3.44,5.08,Jerome Powell,Governor Lisa D. Cook,"{'inflation': 0.0, 'employment': 0.5, 'other': 0.5}",Commencement Address,0.0,0.5,0.5
2023-05-11,3.39,5.08,Jerome Powell,Governor Christopher J. Waller,"{'inflation': 0.0, 'employment': 0.0, 'other': 1.0}",Climate Change and Financial Stability,0.0,0.0,1.0
2023-05-12,3.46,5.08,Jerome Powell,Governor Michelle W. Bowman,"{'inflation': 0.0, 'employment': 0.0, 'other': 1.0}","The Evolving Nature of Banking, Bank Culture, and Bank Runs",0.0,0.0,1.0
2023-05-12,3.46,5.08,Jerome Powell,Governor Philip N. Jefferson,"{'inflation': 0.273, 'employment': 0.182, 'other': 0.545}",On the Assessment of Current Monetary Policy,0.273,0.182,0.545
2023-05-13,3.46,5.08,Jerome Powell,Governor Lisa D. Cook,"{'inflation': 0.333, 'employment': 0.333, 'other': 0.333}",Commencement Address,0.333,0.333,0.333
2023-05-15,3.5,5.08,Jerome Powell,Governor Lisa D. Cook,"{'inflation': 0.333, 'employment': 0.5, 'other': 0.167}",Commencement Address,0.333,0.5,0.167
2023-05-18,3.65,5.08,Jerome Powell,Governor Philip N. Jefferson,"{'inflation': 0.583, 'employment': 0.167, 'other': 0.25}",The U.S. Economic Outlook and Considerations for Monetary Policy,0.583,0.167,0.25
2023-05-19,3.7,5.08,Jerome Powell,Governor Michelle W. Bowman,"{'inflation': 0.0, 'employment': 0.0, 'other': 1.0}",Considerations for Revisions to the Bank Regulatory Framework,0.0,0.0,1.0
2023-05-24,3.73,5.08,Jerome Powell,Governor Christopher J. Waller,"{'inflation': 0.188, 'employment': 0.125, 'other': 0.688}","Hike, Skip, or Pause?",0.188,0.125,0.688
2023-05-31,3.64,5.08,Jerome Powell,Governor Philip N. Jefferson,"{'inflation': 0.258, 'employment': 0.194, 'other': 0.548}",Financial Stability and the U.S. Economy,0.258,0.194,0.548
2023-05-31,3.64,5.08,Jerome Powell,Governor Michelle W. Bowman,"{'inflation': 0.211, 'employment': 0.105, 'other': 0.684}",Brief Remarks,0.211,0.105,0.684
2023-06-16,3.77,5.08,Jerome Powell,Governor Christopher J. Waller,"{'inflation': 0.125, 'employment': 0.5, 'other': 0.375}",Financial Stability and Macroeconomic Policy,0.125,0.5,0.375
2023-06-22,3.8,5.07,Jerome Powell,Governor Michelle W. Bowman,"{'inflation': 0.263, 'employment': 0.053, 'other': 0.684}",Opening Remarks,0.263,0.053,0.684
2023-06-22,3.8,5.07,Jerome Powell,Governor Christopher J. Waller,"{'inflation': 1.0, 'employment': 0.0, 'other': 0.0}",Welcoming Remarks,1.0,0.0,0.0
2023-06-29,3.85,5.07,Jerome Powell,Chair Jerome H. Powell,"{'inflation': 0.125, 'employment': 0.375, 'other': 0.5}",Financial Stability and Economic Developments,0.125,0.375,0.5
2023-07-10,4.01,5.07,Jerome Powell,Vice Chair for Supervision Michael S. Barr,"{'inflation': 0.375, 'employment': 0.125, 'other': 0.5}",Holistic Capital Review,0.375,0.125,0.5
2023-07-13,3.76,5.08,Jerome Powell,Governor Christopher J. Waller,"{'inflation': 0.75, 'employment': 0.125, 'other': 0.125}",Big Shocks Travel Fast: Why Policy Lags May Be Shorter Than You Think,0.75,0.125,0.125
2023-07-18,3.8,5.08,Jerome Powell,Vice Chair for Supervision Michael S. Barr,"{'inflation': 0.182, 'employment': 0.182, 'other': 0.636}",Furthering the Vision of the Fair Housing Act,0.182,0.182,0.636
2023-08-05,4.05,5.33,Jerome Powell,Governor Michelle W. Bowman,"{'inflation': 0.571, 'employment': 0.143, 'other': 0.286}",Brief Remarks on the Economy and Monetary Policy,0.571,0.143,0.286
2023-08-07,4.09,5.33,Jerome Powell,Governor Michelle W. Bowman,"{'inflation': 0.5, 'employment': 0.2, 'other': 0.3}",Welcoming Remarks,0.5,0.2,0.3
2023-08-22,4.34,5.33,Jerome Powell,Governor Michelle W. Bowman,"{'inflation': 0.2, 'employment': 0.4, 'other': 0.4}",Welcoming Remarks,0.2,0.4,0.4
2023-09-08,4.26,5.33,Jerome Powell,Vice Chair for Supervision Michael S. Barr,"{'inflation': 0.1, 'employment': 0.2, 'other': 0.7}",The Federal Reserve’s Role in Supporting Responsible Innovation,0.1,0.2,0.7
2023-09-22,4.44,5.33,Jerome Powell,Governor Michelle W. Bowman,"{'inflation': 0.467, 'employment': 0.133, 'other': 0.4}",Brief Remarks on the Economy and Monetary Policy,0.467,0.133,0.4
2023-09-22,4.44,5.33,Jerome Powell,Governor Lisa D. Cook,"{'inflation': 0.0, 'employment': 0.333, 'other': 0.667}","Generative AI, Productivity, the Labor Market, and Choice Behavior",0.0,0.333,0.667
2023-09-26,4.56,5.33,Jerome Powell,Governor Michelle W. Bowman,"{'inflation': 0.231, 'employment': 0.231, 'other': 0.538}",Welcoming Remarks,0.231,0.231,0.538
2023-09-27,4.61,5.33,Jerome Powell,Governor Michelle W. Bowman,"{'inflation': 0.133, 'employment': 0.333, 'other': 0.533}",Panel Remarks,0.133,0.333,0.533
2023-09-28,4.59,5.33,Jerome Powell,Governor Lisa D. Cook,"{'inflation': 0.0, 'employment': 0.308, 'other': 0.692}",Closing Remarks,0.0,0.308,0.692
2023-09-28,4.59,5.33,Jerome Powell,Chair Jerome H. Powell,"{'inflation': 0.2, 'employment': 0.4, 'other': 0.4}",Welcoming Remarks,0.2,0.4,0.4
2023-10-02,4.69,5.33,Jerome Powell,Vice Chair for Supervision Michael S. Barr,"{'inflation': 0.0, 'employment': 0.0, 'other': 1.0}",Monetary Policy and Financial Stability,0.0,0.0,1.0
2023-10-02,4.69,5.33,Jerome Powell,Governor Michelle W. Bowman,"{'inflation': 0.357, 'employment': 0.214, 'other': 0.429}",Brief Remarks on the Economy and Bank Regulation,0.357,0.214,0.429
2023-10-04,4.73,5.33,Jerome Powell,Governor Michelle W. Bowman,"{'inflation': 0.0, 'employment': 0.167, 'other': 0.833}","The Role of Research, Data, and Analysis in Banking Reforms",0.0,0.167,0.833
2023-10-07,4.78,5.33,Jerome Powell,Governor Michelle W. Bowman,"{'inflation': 0.333, 'employment': 0.083, 'other': 0.583}",Brief Remarks on the Economy and Insights from Past Bank Regulatory Reform Efforts,0.333,0.083,0.583
2023-10-09,4.78,5.33,Jerome Powell,Vice Chair Philip N. Jefferson,"{'inflation': 0.333, 'employment': 0.167, 'other': 0.5}",U.S. Economic Outlook and Monetary Policy Transmission,0.333,0.167,0.5
2023-10-09,4.78,5.33,Jerome Powell,Vice Chair for Supervision Michael S. Barr,"{'inflation': 0.333, 'employment': 0.167, 'other': 0.5}",Capital Supports Lending,0.333,0.167,0.5
2023-10-10,4.66,5.33,Jerome Powell,Governor Christopher J. Waller,"{'inflation': 0.316, 'employment': 0.0, 'other': 0.684}",Monetary Policy Analysis and the Development of Federal Reserve Policymaking,0.316,0.0,0.684
2023-10-11,4.58,5.33,Jerome Powell,Governor Michelle W. Bowman,"{'inflation': 0.25, 'employment': 0.25, 'other': 0.5}",Financial Stability in Uncertain Times,0.25,0.25,0.5
2023-10-17,4.83,5.33,Jerome Powell,Governor Michelle W. Bowman,"{'inflation': 0.143, 'employment': 0.0, 'other': 0.857}",Responsible Innovation in Money and Payments,0.143,0.0,0.857
2023-10-18,4.91,5.33,Jerome Powell,Governor Michelle W. Bowman,"{'inflation': 0.25, 'employment': 0.0, 'other': 0.75}",Brief Remarks,0.25,0.0,0.75
2023-10-18,4.91,5.33,Jerome Powell,Governor Lisa D. Cook,"{'inflation': 0.059, 'employment': 0.765, 'other': 0.176}",The Evolution of the Federal Reserve’s Employment Mandate,0.059,0.765,0.176
2023-10-18,4.91,5.33,Jerome Powell,Governor Christopher J. Waller,"{'inflation': 0.267, 'employment': 0.4, 'other': 0.333}",Something’s Got to Give,0.267,0.4,0.333
2023-10-19,4.98,5.33,Jerome Powell,Vice Chair for Supervision Michael S. Barr,"{'inflation': 0.0, 'employment': 0.0, 'other': 1.0}",Multiple Scenarios in Stress Testing,0.0,0.0,1.0
2023-10-19,4.98,5.33,Jerome Powell,Chair Jerome H. Powell,"{'inflation': 0.353, 'employment': 0.176, 'other': 0.471}",Opening Remarks,0.353,0.176,0.471
2023-10-19,4.98,5.33,Jerome Powell,Vice Chair Philip N. Jefferson,"{'inflation': 0.167, 'employment': 0.167, 'other': 0.667}",Opening Remarks,0.167,0.167,0.667
2023-10-25,4.95,5.33,Jerome Powell,Chair Jerome H. Powell,"{'inflation': 0.143, 'employment': 0.286, 'other': 0.571}",Introductory Remarks,0.143,0.286,0.571
2023-10-26,4.86,5.33,Jerome Powell,Governor Christopher J. Waller,"{'inflation': 0.333, 'employment': 0.333, 'other': 0.333}",Welcome Remarks,0.333,0.333,0.333
2023-10-27,4.84,5.33,Jerome Powell,Vice Chair for Supervision Michael S. Barr,"{'inflation': 0.1, 'employment': 0.1, 'other': 0.8}",Opening Remarks,0.1,0.1,0.8
2023-11-06,4.67,5.33,Jerome Powell,Governor Lisa D. Cook,"{'inflation': 0.267, 'employment': 0.2, 'other': 0.533}",Financial Stability: Resilience and Challenges,0.267,0.2,0.533
2023-11-07,4.58,5.33,Jerome Powell,Governor Christopher J. Waller,"{'inflation': 0.2, 'employment': 0.2, 'other': 0.6}",Using Economic Data to Understand the Economy,0.2,0.2,0.6
2023-11-07,4.58,5.33,Jerome Powell,Governor Michelle W. Bowman,"{'inflation': 0.0, 'employment': 0.0, 'other': 1.0}",Remarks on the Economy and Bank Supervision and Regulation,0.0,0.0,1.0
2023-11-08,4.49,5.33,Jerome Powell,Vice Chair Philip N. Jefferson,"{'inflation': 0.0, 'employment': 0.182, 'other': 0.818}","Research and Statistics Centennial Anniversary: Past, Present and Future",0.0,0.182,0.818
2023-11-08,4.49,5.33,Jerome Powell,Chair Jerome H. Powell,"{'inflation': 0.071, 'employment': 0.0, 'other': 0.929}",Opening Remarks,0.071,0.0,0.929
2023-11-08,4.49,5.33,Jerome Powell,Governor Lisa D. Cook,"{'inflation': 0.357, 'employment': 0.179, 'other': 0.464}","Financial Stability: Resilience, Challenges, and Global Connections",0.357,0.179,0.464
2023-11-09,4.62,5.33,Jerome Powell,Chair Jerome H. Powell,"{'inflation': 0.368, 'employment': 0.211, 'other': 0.421}",Opening Remarks,0.368,0.211,0.421
2023-11-09,4.62,5.33,Jerome Powell,Governor Michelle W. Bowman,"{'inflation': 0.0, 'employment': 0.167, 'other': 0.833}",Remarks on the Economy and Prioritization of Bank Supervision and Regulation,0.0,0.167,0.833
2023-11-13,4.63,5.33,Jerome Powell,Governor Lisa D. Cook,"{'inflation': 0.033, 'employment': 0.033, 'other': 0.933}",Welcoming Remarks,0.033,0.033,0.933
2023-11-14,4.44,5.33,Jerome Powell,Vice Chair Philip N. Jefferson,"{'inflation': 0.1, 'employment': 0.0, 'other': 0.9}",Elevated Economic Uncertainty: Causes and Consequences,0.1,0.0,0.9
2023-11-16,4.45,5.33,Jerome Powell,Governor Lisa D. Cook,"{'inflation': 0.25, 'employment': 0.375, 'other': 0.375}","Global Linkages:  Supply, Spillovers, and Common Challenges",0.25,0.375,0.375
2023-11-16,4.45,5.33,Jerome Powell,Vice Chair for Supervision Michael S. Barr,"{'inflation': 0.0, 'employment': 0.348, 'other': 0.652}",The 2023 U.S. Treasury Market Conference,0.0,0.348,0.652
2023-11-28,4.34,5.33,Jerome Powell,Vice Chair for Supervision Michael S. Barr,"{'inflation': 0.167, 'employment': 0.417, 'other': 0.417}",Serving Indian Country with the Modernized Community Reinvestment Act,0.167,0.417,0.417
2023-11-28,4.34,5.33,Jerome Powell,Governor Christopher J. Waller,"{'inflation': 0.412, 'employment': 0.176, 'other': 0.412}",Something Appears to Be Giving,0.412,0.176,0.412
2023-11-28,4.34,5.33,Jerome Powell,Governor Michelle W. Bowman,"{'inflation': 0.444, 'employment': 0.111, 'other': 0.444}",Reflections on the Economy and Monetary Policy,0.444,0.111,0.444
2023-12-01,4.22,5.33,Jerome Powell,Vice Chair for Supervision Michael S. Barr,"{'inflation': 0.167, 'employment': 0.167, 'other': 0.667}",The Importance of Effective Liquidity Risk Management,0.167,0.167,0.667
2023-12-01,4.22,5.33,Jerome Powell,Chair Jerome H. Powell,"{'inflation': 0.333, 'employment': 0.25, 'other': 0.417}",Opening Remarks,0.333,0.25,0.417
2023-12-05,4.18,5.33,Jerome Powell,Governor Michelle W. Bowman,"{'inflation': 0.158, 'employment': 0.158, 'other': 0.684}",Building a More Inclusive Financial System through Collaboration and Action,0.158,0.158,0.684
2024-01-08,4.01,5.33,Jerome Powell,Governor Michelle W. Bowman,"{'inflation': 0.0, 'employment': 0.25, 'other': 0.75}",New Year’s Resolutions for Bank Regulatory Policymakers,0.0,0.25,0.75
2024-01-17,4.1,5.33,Jerome Powell,Governor Michelle W. Bowman,"{'inflation': 0.0, 'employment': 0.0, 'other': 1.0}",The Path Forward for Bank Capital Reform,0.0,0.0,1.0
2024-01-17,4.1,5.33,Jerome Powell,Vice Chair for Supervision Michael S. Barr,"{'inflation': 0.333, 'employment': 0.0, 'other': 0.667}",Opening Remarks,0.333,0.0,0.667
2024-02-02,4.03,5.33,Jerome Powell,Governor Michelle W. Bowman,"{'inflation': 0.0, 'employment': 0.333, 'other': 0.667}",The Future of Banking,0.0,0.333,0.667
2024-02-07,4.09,5.33,Jerome Powell,Governor Michelle W. Bowman,"{'inflation': 0.0, 'employment': 0.611, 'other': 0.389}",Supporting Entrepreneurship & Small Businesses,0.0,0.611,0.389
2024-02-07,4.09,5.33,Jerome Powell,Governor Adriana D. Kugler,"{'inflation': 0.857, 'employment': 0.143, 'other': 0.0}",The Outlook for the Economy and Monetary Policy,0.857,0.143,0.0
2024-02-12,4.17,5.33,Jerome Powell,Governor Michelle W. Bowman,"{'inflation': 0.0, 'employment': 0.0, 'other': 1.0}",Defining a Bank,0.0,0.0,1.0
2024-02-13,4.31,5.33,Jerome Powell,,"{'inflation': 0.111, 'employment': 0.0, 'other': 0.889}","Accountability for Banks, Accountability for Regulators",0.111,0.0,0.889
2024-02-14,4.27,5.33,Jerome Powell,Vice Chair for Supervision Michael S. Barr,"{'inflation': 0.5, 'employment': 0.25, 'other': 0.25}","The Intersection of Monetary Policy, Market Functioning, and Liquidity Risk Management",0.5,0.25,0.25
2024-02-15,4.24,5.33,Jerome Powell,Governor Christopher J. Waller,"{'inflation': 0.071, 'employment': 0.0, 'other': 0.929}",The Dollar's International Role,0.071,0.0,0.929
2024-02-15,4.24,5.33,Jerome Powell,Governor Michelle W. Bowman,"{'inflation': 0.091, 'employment': 0.091, 'other': 0.818}",Advancing Cross-Border Payments and Financial Inclusion,0.091,0.091,0.818
2024-02-16,4.3,5.33,Jerome Powell,Vice Chair for Supervision Michael S. Barr,"{'inflation': 0.0, 'employment': 0.25, 'other': 0.75}","Supervision with Speed, Force, and Agility",0.0,0.25,0.75
2024-02-22,4.33,5.33,Jerome Powell,Governor Lisa D. Cook,"{'inflation': 0.444, 'employment': 0.111, 'other': 0.444}",Sources of Uncertainty in the Short Run and the Long Run,0.444,0.111,0.444
2024-02-22,4.33,5.33,Jerome Powell,Governor Christopher J. Waller,"{'inflation': 0.583, 'employment': 0.417, 'other': 0.0}",What’s the Rush?,0.583,0.417,0.0
2024-02-22,4.33,5.33,Jerome Powell,Vice Chair Philip N. Jefferson,"{'inflation': 0.0, 'employment': 0.0, 'other': 1.0}",Is This Time Different? Recent Monetary Policy Cycles in Retrospect,0.0,0.0,1.0
2024-02-27,4.31,5.33,Jerome Powell,Governor Michelle W. Bowman,"{'inflation': 0.222, 'employment': 0.111, 'other': 0.667}",Reflections on the Economy and Bank Regulation,0.222,0.111,0.667
2024-02-27,4.31,5.33,Jerome Powell,Vice Chair for Supervision Michael S. Barr,"{'inflation': 0.1, 'employment': 0.4, 'other': 0.5}",The Importance of Counterparty Credit Risk Management,0.1,0.4,0.5
2024-03-01,4.19,5.33,Jerome Powell,Governor Adriana D. Kugler,"{'inflation': 0.429, 'employment': 0.143, 'other': 0.429}",Disinflation without a Rise in Unemployment?  What Is Different This Time Around,0.429,0.143,0.429
2024-03-05,4.13,5.33,Jerome Powell,Governor Michelle W. Bowman,"{'inflation': 0.286, 'employment': 0.286, 'other': 0.429}","Tailoring, Fidelity to the Rule of Law, and Unintended Consequences",0.286,0.286,0.429
2024-03-07,4.09,5.33,Jerome Powell,Governor Michelle W. Bowman,"{'inflation': 0.316, 'employment': 0.158, 'other': 0.526}",Reflections on the Economy and Bank Regulation,0.316,0.158,0.526
2024-03-25,4.25,5.33,Jerome Powell,Governor Lisa D. Cook,"{'inflation': 0.333, 'employment': 0.222, 'other': 0.444}",The Dual Mandate and the Balance of Risks,0.333,0.222,0.444
2024-04-01,4.33,5.33,Jerome Powell,Governor Lisa D. Cook,"{'inflation': 0.0, 'employment': 0.0, 'other': 1.0}","Hope, Promise, and Mentors",0.0,0.0,1.0
2024-04-02,4.36,5.33,Jerome Powell,Governor Michelle W. Bowman,"{'inflation': 0.125, 'employment': 0.0, 'other': 0.875}","Bank Mergers and Acquisitions, and De Novo Bank Formation: Implications for the Future of the Banking System",0.125,0.0,0.875
2024-04-03,4.36,5.33,Jerome Powell,Governor Michelle W. Bowman,"{'inflation': 0.0, 'employment': 0.167, 'other': 0.833}","Bank Liquidity, Regulation, and the Fed's Role as Lender of Last Resort",0.0,0.167,0.833
2024-04-03,4.36,5.33,Jerome Powell,Governor Adriana D. Kugler,"{'inflation': 0.5, 'employment': 0.3, 'other': 0.2}",The Outlook for the U.S. Economy and Monetary Policy,0.5,0.3,0.2
2024-04-03,4.36,5.33,Jerome Powell,Chair Jerome H. Powell,"{'inflation': 0.143, 'employment': 0.286, 'other': 0.571}",Opening Remarks,0.143,0.286,0.571
2024-04-04,4.31,5.33,Jerome Powell,Governor Adriana D. Kugler,"{'inflation': 0.0, 'employment': 0.556, 'other': 0.444}",Enriching Data and Analysis in Economics with Real Life Experiences,0.0,0.556,0.444
2024-04-05,4.39,5.33,Jerome Powell,Governor Michelle W. Bowman,"{'inflation': 0.0, 'employment': 0.111, 'other': 0.889}",Risks and Uncertainty in Monetary Policy: Current and Past Considerations,0.0,0.111,0.889
2024-04-16,4.67,5.33,Jerome Powell,Vice Chair Philip N. Jefferson,"{'inflation': 0.25, 'employment': 0.125, 'other': 0.625}",Economic Uncertainty and the Evolution of Monetary Policymaking,0.25,0.125,0.625
2024-04-18,4.64,5.33,Jerome Powell,Governor Michelle W. Bowman,"{'inflation': 0.143, 'employment': 0.571, 'other': 0.286}",Opening Remarks,0.143,0.571,0.286
2024-05-03,4.5,5.33,Jerome Powell,Governor Michelle W. Bowman,"{'inflation': 0.364, 'employment': 0.273, 'other': 0.364}",Brief Remarks on the Economy and Monetary Policy,0.364,0.273,0.364
2024-05-04,4.5,5.33,Jerome Powell,Governor Lisa D. Cook,"{'inflation': 0.167, 'employment': 0.167, 'other': 0.667}","""Oh, the Places You’ll Go and the Things You’ll Do""",0.167,0.167,0.667
2024-05-08,4.48,5.33,Jerome Powell,Governor Lisa D. Cook,"{'inflation': 0.133, 'employment': 0.133, 'other': 0.733}",Current Assessment of Financial Stability,0.133,0.133,0.733
2024-05-10,4.5,5.33,Jerome Powell,Governor Michelle W. Bowman,"{'inflation': 0.091, 'employment': 0.0, 'other': 0.909}",Financial Stability Risks: Resiliency and the Role of Regulators,0.091,0.0,0.909
2024-05-10,4.5,5.33,Jerome Powell,Vice Chair for Supervision Michael S. Barr,"{'inflation': 0.0, 'employment': 0.154, 'other': 0.846}",Commencement Remarks,0.0,0.154,0.846
2024-05-13,4.48,5.33,Jerome Powell,Vice Chair Philip N. Jefferson,"{'inflation': 0.267, 'employment': 0.2, 'other': 0.533}",Communicating about Monetary Policy,0.267,0.2,0.533
2024-05-14,4.45,5.33,Jerome Powell,Governor Lisa D. Cook,"{'inflation': 0.067, 'employment': 0.133, 'other': 0.8}",Growth and Change at Community Development Financial Institutions,0.067,0.133,0.8
2024-05-17,4.42,5.33,Jerome Powell,Governor Christopher J. Waller,"{'inflation': 0.0, 'employment': 0.0, 'other': 1.0}","Payments Innovation, Technical Standards, and the Federal Reserve's Roles",0.0,0.0,1.0
2024-05-17,4.42,5.33,Jerome Powell,Governor Michelle W. Bowman,"{'inflation': 0.167, 'employment': 0.167, 'other': 0.667}","Brief Remarks on the Economy, Monetary Policy, and Bank Regulation",0.167,0.167,0.667
2024-05-18,4.42,5.33,Jerome Powell,Governor Adriana D. Kugler,"{'inflation': 0.0, 'employment': 0.0, 'other': 1.0}","On the Road Ahead, Cherish the Detours",0.0,0.0,1.0
2024-05-19,4.42,5.33,Jerome Powell,Chair Jerome H. Powell,"{'inflation': 0.0, 'employment': 0.4, 'other': 0.6}",Georgetown University Law Center Commencement Address,0.0,0.4,0.6
2024-05-20,4.44,5.33,Jerome Powell,Vice Chair Philip N. Jefferson,"{'inflation': 0.12, 'employment': 0.04, 'other': 0.84}",U.S. Economic Outlook and Housing Price Dynamics,0.12,0.04,0.84
2024-05-20,4.44,5.33,Jerome Powell,Governor Christopher J. Waller,"{'inflation': 0.375, 'employment': 0.083, 'other': 0.542}",Welcoming Remarks on the International Role of the U.S. Dollar,0.375,0.083,0.542
2024-05-20,4.44,5.33,Jerome Powell,Vice Chair for Supervision Michael S. Barr,"{'inflation': 0.0, 'employment': 0.4, 'other': 0.6}",On Building a Resilient Regulatory Framework,0.0,0.4,0.6
2024-05-21,4.41,5.33,Jerome Powell,Governor Christopher J. Waller,"{'inflation': 0.375, 'employment': 0.25, 'other': 0.375}","Little by Little, Progress Seems to be Resuming.",0.375,0.25,0.375
2024-05-28,4.54,5.33,Jerome Powell,Governor Michelle W. Bowman,"{'inflation': 0.143, 'employment': 0.143, 'other': 0.714}",The Federal Reserve's Balance Sheet as a Monetary Policy Tool:  Past Lessons and Future Considerations,0.143,0.143,0.714
2024-06-07,4.43,5.33,Jerome Powell,Governor Lisa D. Cook,"{'inflation': 0.067, 'employment': 0.333, 'other': 0.6}",A New Class of Trailblazers,0.067,0.333,0.6
2024-06-14,4.2,5.33,Jerome Powell,Governor Lisa D. Cook,"{'inflation': 0.0, 'employment': 0.667, 'other': 0.333}",Lessons from the American Economic Association Summer Program,0.0,0.667,0.333
2024-06-17,4.28,5.33,Jerome Powell,Governor Michelle W. Bowman,"{'inflation': 0.0, 'employment': 0.0, 'other': 1.0}",Innovation in the Financial System,0.0,0.0,1.0
2024-06-18,4.22,5.33,Jerome Powell,Governor Adriana D. Kugler,"{'inflation': 0.8, 'employment': 0.0, 'other': 0.2}",Some Reasons for Optimism about Inflation,0.8,0.0,0.2
2024-06-24,4.25,5.33,Jerome Powell,Governor Christopher J. Waller,"{'inflation': 0.182, 'employment': 0.091, 'other': 0.727}",Welcoming Remarks,0.182,0.091,0.727
2024-06-25,4.23,5.33,Jerome Powell,Governor Michelle W. Bowman,"{'inflation': 0.071, 'employment': 0.214, 'other': 0.714}",Perspectives on U.S. Monetary Policy and Bank Capital Reform,0.071,0.214,0.714
2024-06-26,4.32,5.33,Jerome Powell,Governor Michelle W. Bowman,"{'inflation': 0.0, 'employment': 0.0, 'other': 1.0}",The Consequences of Bank Capital Reform,0.0,0.0,1.0
2024-06-27,4.29,5.33,Jerome Powell,Governor Michelle W. Bowman,"{'inflation': 0.0, 'employment': 0.0, 'other': 1.0}","Brief Remarks on the Economy, Monetary Policy, and Bank Regulation",0.0,0.0,1.0
2024-07-09,4.3,5.33,Jerome Powell,Vice Chair for Supervision Michael S. Barr,"{'inflation': 0.1, 'employment': 0.3, 'other': 0.6}","Financial Inclusion: Past, Present, and Hopes for the Future",0.1,0.3,0.6
2024-07-09,4.3,5.33,Jerome Powell,Governor Michelle W. Bowman,"{'inflation': 0.0, 'employment': 0.231, 'other': 0.769}",Promoting an Inclusive Financial System,0.0,0.231,0.769
2024-07-10,4.28,5.33,Jerome Powell,Governor Michelle W. Bowman,"{'inflation': 0.143, 'employment': 0.429, 'other': 0.429}",Opening Remarks,0.143,0.429,0.429
2024-07-10,4.28,5.33,Jerome Powell,Governor Lisa D. Cook,"{'inflation': 0.375, 'employment': 0.625, 'other': 0.0}",Common Inflation and Monetary Policy Challenges across Countries,0.375,0.625,0.0
2024-07-16,4.17,5.33,Jerome Powell,Governor Adriana D. Kugler,"{'inflation': 0.0, 'employment': 0.143, 'other': 0.857}",The Challenges Facing Economic Measurement and Creative Solutions,0.0,0.143,0.857
2024-07-17,4.16,5.33,Jerome Powell,Governor Christopher J. Waller,"{'inflation': 0.417, 'employment': 0.333, 'other': 0.25}",Getting Closer,0.417,0.333,0.25
2024-07-18,4.2,5.33,Jerome Powell,Governor Michelle W. Bowman,"{'inflation': 0.0, 'employment': 0.0, 'other': 1.0}","Liquidity, Supervision, and Regulatory Reform",0.0,0.0,1.0
2024-08-10,3.94,5.33,Jerome Powell,Governor Michelle W. Bowman,"{'inflation': 0.0, 'employment': 0.0, 'other': 1.0}","Update on the Economic Outlook, and Perspective on Bank Culture, M&A, and Liquidity",0.0,0.0,1.0
2024-08-19,3.86,5.33,Jerome Powell,Governor Christopher J. Waller,"{'inflation': 0.083, 'employment': 0.083, 'other': 0.833}",Opening Remarks,0.083,0.083,0.833
2024-08-20,3.82,5.33,Jerome Powell,Governor Michelle W. Bowman,"{'inflation': 0.0, 'employment': 0.75, 'other': 0.25}",Remarks on the Economic Outlook and Financial Inclusion,0.0,0.75,0.25
2024-08-23,3.81,5.33,Jerome Powell,Chair Jerome H. Powell,"{'inflation': 0.4, 'employment': 0.267, 'other': 0.333}",Review and Outlook,0.4,0.267,0.333
2024-08-28,3.84,5.33,Jerome Powell,Governor Christopher J. Waller,"{'inflation': 0.154, 'employment': 0.308, 'other': 0.538}",Interlinking Fast Payment Systems,0.154,0.308,0.538
2024-09-06,3.72,5.33,Jerome Powell,Governor Christopher J. Waller,"{'inflation': 0.222, 'employment': 0.222, 'other': 0.556}",The Time Has Come,0.222,0.222,0.556
2024-09-10,3.65,5.33,Jerome Powell,Vice Chair for Supervision Michael S. Barr,"{'inflation': 0.111, 'employment': 0.111, 'other': 0.778}",The Next Steps on Capital,0.111,0.111,0.778
2024-09-10,3.65,5.33,Jerome Powell,Governor Michelle W. Bowman,"{'inflation': 0.0, 'employment': 0.091, 'other': 0.909}",The Future of Stress Testing and the Stress Capital Buffer Framework,0.0,0.091,0.909
2024-09-20,3.73,4.83,Jerome Powell,Governor Michelle W. Bowman,"{'inflation': 0.444, 'employment': 0.333, 'other': 0.222}",Statement by Governor Michelle W. Bowman,0.444,0.333,0.222
2024-09-24,3.74,4.83,Jerome Powell,Governor Michelle W. Bowman,"{'inflation': 0.444, 'employment': 0.222, 'other': 0.333}",Recent Views on Monetary Policy and the Economic Outlook,0.444,0.222,0.333
2024-09-25,3.79,4.83,Jerome Powell,Governor Adriana D. Kugler,"{'inflation': 0.375, 'employment': 0.25, 'other': 0.375}",How We Got Here:  A Perspective on Inflation and the Labor Market,0.375,0.25,0.375
2024-09-26,3.79,4.83,Jerome Powell,Vice Chair for Supervision Michael S. Barr,"{'inflation': 0.0, 'employment': 0.344, 'other': 0.656}",Supporting Market Resilience and Financial Stability,0.0,0.344,0.656
2024-09-26,3.79,4.83,Jerome Powell,Chair Jerome H. Powell,"{'inflation': 0.2, 'employment': 0.2, 'other': 0.6}",Opening Remarks,0.2,0.2,0.6
2024-09-26,3.79,4.83,Jerome Powell,Governor Michelle W. Bowman,"{'inflation': 0.343, 'employment': 0.314, 'other': 0.343}",Recent Views on Monetary Policy and the Economic Outlook,0.343,0.314,0.343
2024-09-26,3.79,4.83,Jerome Powell,Governor Lisa D. Cook,"{'inflation': 0.0, 'employment': 0.364, 'other': 0.636}",What Will Artificial Intelligence Mean for America’s Workers?,0.0,0.364,0.636
2024-09-30,3.81,4.83,Jerome Powell,Chair Jerome H. Powell,"{'inflation': 0.172, 'employment': 0.31, 'other': 0.517}",Economic Outlook,0.172,0.31,0.517
2024-09-30,3.81,4.83,Jerome Powell,Governor Michelle W. Bowman,"{'inflation': 0.25, 'employment': 0.25, 'other': 0.5}",Recent Views on Monetary Policy and the Economic Outlook,0.25,0.25,0.5
2024-10-01,3.74,4.83,Jerome Powell,Governor Lisa D. Cook,"{'inflation': 0.125, 'employment': 0.375, 'other': 0.5}","Artificial Intelligence, Big Data, and the Path Ahead for Productivity",0.125,0.375,0.5
2024-10-02,3.79,4.83,Jerome Powell,Governor Michelle W. Bowman,"{'inflation': 0.0, 'employment': 0.0, 'other': 1.0}",Building a Community Banking Framework for the Future,0.0,0.0,1.0
2024-10-08,4.04,4.83,Jerome Powell,Governor Adriana D. Kugler,"{'inflation': 0.444, 'employment': 0.111, 'other': 0.444}",The Global Fight Against Inflation,0.444,0.111,0.444
2024-10-08,4.04,4.83,Jerome Powell,Vice Chair Philip N. Jefferson,"{'inflation': 0.0, 'employment': 0.091, 'other': 0.909}",A History of the Fed's Discount Window: 1913–2000,0.0,0.091,0.909
2024-10-09,4.06,4.83,Jerome Powell,Vice Chair Philip N. Jefferson,"{'inflation': 0.071, 'employment': 0.143, 'other': 0.786}",The Fed's Discount Window: 1990 to the Present,0.071,0.143,0.786
2024-10-10,4.09,4.83,Jerome Powell,Governor Lisa D. Cook,"{'inflation': 0.0, 'employment': 0.375, 'other': 0.625}","Entrepreneurs, Innovation, and Participation",0.0,0.375,0.625
2024-10-11,4.08,4.83,Jerome Powell,Governor Michelle W. Bowman,"{'inflation': 0.0, 'employment': 0.5, 'other': 0.5}",Challenges to the Community Banking Model,0.0,0.5,0.5
2024-10-14,4.08,4.83,Jerome Powell,Governor Christopher J. Waller,"{'inflation': 0.3, 'employment': 0.4, 'other': 0.3}",Thoughts on the Economy and Policy Rules at the Federal Open Market Committee,0.3,0.4,0.3
2024-10-18,4.08,4.83,Jerome Powell,Governor Christopher J. Waller,"{'inflation': 0.1, 'employment': 0.4, 'other': 0.5}",Centralized and Decentralized Finance: Substitutes or Complements?,0.1,0.4,0.5
2024-10-23,4.24,4.83,Jerome Powell,Governor Michelle W. Bowman,"{'inflation': 0.083, 'employment': 0.083, 'other': 0.833}",Opening Remarks,0.083,0.083,0.833
2024-11-12,4.43,4.58,Jerome Powell,Governor Christopher J. Waller,"{'inflation': 0.2, 'employment': 0.32, 'other': 0.48}",What Roles Should the Private Sector and the Federal Reserve Play in Payments?,0.2,0.32,0.48
2024-11-14,4.43,4.58,Jerome Powell,Chair Jerome H. Powell,"{'inflation': 0.385, 'employment': 0.308, 'other': 0.308}",Economic Outlook,0.385,0.308,0.308
2024-11-20,4.41,4.58,Jerome Powell,Governor Michelle W. Bowman,"{'inflation': 0.0, 'employment': 0.0, 'other': 1.0}",Approaching Policymaking Pragmatically,0.0,0.0,1.0
2024-11-20,4.41,4.58,Jerome Powell,Governor Lisa D. Cook,"{'inflation': 0.65, 'employment': 0.35, 'other': 0.0}",Economic Outlook,0.65,0.35,0.0
2024-11-22,4.41,4.58,Jerome Powell,Governor Michelle W. Bowman,"{'inflation': 0.0, 'employment': 0.0, 'other': 1.0}",Artificial Intelligence in the Financial System,0.0,0.0,1.0
2024-12-02,4.19,4.58,Jerome Powell,Governor Christopher J. Waller,"{'inflation': 0.375, 'employment': 0.188, 'other': 0.438}",Cut or Skip?,0.375,0.188,0.438
2024-12-03,4.23,4.58,Jerome Powell,Governor Adriana D. Kugler,"{'inflation': 0.308, 'employment': 0.154, 'other': 0.538}",A Year in Review: A Tale of Two Supply Shocks,0.308,0.154,0.538
2025-01-06,4.62,4.33,Jerome Powell,Governor Lisa D. Cook,"{'inflation': 0.125, 'employment': 0.0, 'other': 0.875}",An Assessment of the Economy and Financial Stability,0.125,0.0,0.875
2025-01-08,4.67,4.33,Jerome Powell,Governor Christopher J. Waller,"{'inflation': 0.071, 'employment': 0.143, 'other': 0.786}",Challenges Facing Central Bankers,0.071,0.143,0.786
2025-01-09,4.68,4.33,Jerome Powell,Governor Michelle W. Bowman,"{'inflation': 0.125, 'employment': 0.125, 'other': 0.75}","Reflections on 2024: Monetary Policy, Economic Performance, and Lessons for Banking Regulation",0.125,0.125,0.75
2025-01-31,4.58,4.33,Jerome Powell,Governor Michelle W. Bowman,"{'inflation': 0.0, 'employment': 0.0, 'other': 1.0}","Brief Remarks on the Economy, and Perspective on Mutual and Community Banks",0.0,0.0,1.0
2025-02-04,4.52,4.33,Jerome Powell,Vice Chair Philip N. Jefferson,"{'inflation': 0.5, 'employment': 0.036, 'other': 0.464}",U.S. Economic Outlook and Monetary Policy,0.5,0.036,0.464
2025-02-05,4.43,4.33,Jerome Powell,Governor Michelle W. Bowman,"{'inflation': 0.0, 'employment': 0.0, 'other': 1.0}",Bank Regulation in 2025 and Beyond,0.0,0.0,1.0
2025-02-05,4.43,4.33,Jerome Powell,Vice Chair Philip N. Jefferson,"{'inflation': 0.0, 'employment': 0.333, 'other': 0.667}",Do Non-inflationary Economic Expansions Promote Shared Prosperity? Evidence from the U.S. Labor Market,0.0,0.333,0.667
2025-02-07,4.49,4.33,Jerome Powell,Governor Adriana D. Kugler,"{'inflation': 0.19, 'employment': 0.095, 'other': 0.714}",Entrepreneurship and Aggregate Productivity,0.19,0.095,0.714
2025-02-07,4.49,4.33,Jerome Powell,Governor Michelle W. Bowman,"{'inflation': 0.25, 'employment': 0.167, 'other': 0.583}",Bank Regulation in 2025 and Beyond,0.25,0.167,0.583
2025-02-11,4.54,4.33,Jerome Powell,Governor Michelle W. Bowman,"{'inflation': 0.0, 'employment': 0.2, 'other': 0.8}",Bank Regulation in 2025 and Beyond,0.0,0.2,0.8
2025-02-12,4.62,4.33,Jerome Powell,Governor Christopher J. Waller,"{'inflation': 0.0, 'employment': 0.0, 'other': 1.0}",Reflections on a Maturing Stablecoin Market,0.0,0.0,1.0
2025-02-17,4.47,4.33,Jerome Powell,Governor Michelle W. Bowman,"{'inflation': 0.0, 'employment': 0.375, 'other': 0.625}","Brief Remarks on the Economy and Accountability in Supervision, Applications, and Regulation",0.0,0.375,0.625
2025-02-17,4.47,4.33,Jerome Powell,Governor Christopher J. Waller,"{'inflation': 0.308, 'employment': 0.308, 'other': 0.385}",Disinflation Progress Uneven but Still on Track Rates Cuts on Track as Well,0.308,0.308,0.385
2025-02-18,4.55,4.33,Jerome Powell,Vice Chair for Supervision Michael S. Barr,"{'inflation': 0.0, 'employment': 0.0, 'other': 1.0}",Artificial Intelligence:  Hypothetical Scenarios for the Future,0.0,0.0,1.0
2025-02-19,4.53,4.33,Jerome Powell,Vice Chair Philip N. Jefferson,"{'inflation': 0.071, 'employment': 0.214, 'other': 0.714}",How Healthy are U.S. Households’ Balance Sheets?,0.071,0.214,0.714
2025-02-20,4.5,4.33,Jerome Powell,Governor Adriana D. Kugler,"{'inflation': 0.5, 'employment': 0.286, 'other': 0.214}",Navigating Inflation Waves: A Phillips Curve Perspective,0.5,0.286,0.214
2025-02-20,4.5,4.33,Jerome Powell,Vice Chair for Supervision Michael S. Barr,"{'inflation': 0.071, 'employment': 0.143, 'other': 0.786}",Risks and Challenges for Bank Regulation and Supervision,0.071,0.143,0.786
2025-02-21,4.42,4.33,Jerome Powell,Vice Chair Philip N. Jefferson,"{'inflation': 0.3, 'employment': 0.2, 'other': 0.5}",Reading between the Lines? Textual Analysis of Central Bank Communications,0.3,0.2,0.5
2025-02-25,4.3,4.33,Jerome Powell,Vice Chair for Supervision Michael S. Barr,"{'inflation': 0.0, 'employment': 0.0, 'other': 1.0}",Managing Financial Crises,0.0,0.0,1.0
2025-02-27,4.29,4.33,Jerome Powell,Governor Michelle W. Bowman,"{'inflation': 0.0, 'employment': 0.0, 'other': 1.0}",Community Banking,0.0,0.0,1.0
2025-02-27,4.29,4.33,Jerome Powell,Vice Chair for Supervision Michael S. Barr,"{'inflation': 0.0, 'employment': 0.429, 'other': 0.571}",Promoting Responsible Innovation through the Novel Activities Program,0.0,0.429,0.571
2025-03-07,4.32,4.33,Jerome Powell,Governor Adriana D. Kugler,"{'inflation': 0.0, 'employment': 0.462, 'other': 0.538}",The Rebalancing of Labor Markets across the World,0.0,0.462,0.538
2025-03-07,4.32,4.33,Jerome Powell,Chair Jerome H. Powell,"{'inflation': 0.312, 'employment': 0.312, 'other': 0.375}",Economic Outlook,0.312,0.312,0.375
2025-03-21,4.25,4.33,Jerome Powell,Governor Christopher J. Waller,"{'inflation': 0.0, 'employment': 0.0, 'other': 1.0}",Statement by Governor Christopher J. Waller,0.0,0.0,1.0
2025-03-24,4.34,4.33,Jerome Powell,Governor Michael S. Barr,"{'inflation': 0.333, 'employment': 0.267, 'other': 0.4}",Helping Small Businesses Reach Their Potential,0.333,0.267,0.4
2025-03-25,4.31,4.33,Jerome Powell,Governor Adriana D. Kugler,"{'inflation': 0.444, 'employment': 0.444, 'other': 0.111}","Latinos, Entrepreneurs, and the U.S. Economy",0.444,0.444,0.111
2025-04-02,4.2,4.33,Jerome Powell,Governor Adriana D. Kugler,"{'inflation': 0.455, 'employment': 0.091, 'other': 0.455}",Inflation Expectations and Monetary Policymaking,0.455,0.091,0.455
2025-04-03,4.06,4.33,Jerome Powell,Governor Lisa D. Cook,"{'inflation': 0.444, 'employment': 0.0, 'other': 0.556}",The Economic Outlook and Path of Policy,0.444,0.0,0.556
2025-04-04,4.01,4.33,Jerome Powell,Chair Jerome H. Powell,"{'inflation': 0.4, 'employment': 0.3, 'other': 0.3}",Economic Outlook,0.4,0.3,0.3
2025-04-04,4.01,4.33,Jerome Powell,Governor Michael S. Barr,"{'inflation': 0.125, 'employment': 0.062, 'other': 0.812}","AI, Fintechs, and Banks",0.125,0.062,0.812
2025-04-07,4.15,4.33,Jerome Powell,Governor Adriana D. Kugler,"{'inflation': 1.0, 'employment': 0.0, 'other': 0.0}",Inflation Dynamics and the Phillips Curve,1.0,0.0,0.0
2025-04-14,4.38,4.33,Jerome Powell,Governor Christopher J. Waller,"{'inflation': 0.333, 'employment': 0.222, 'other': 0.444}",A Tale of Two Outlooks,0.333,0.222,0.444
2025-04-15,4.35,4.33,Jerome Powell,Governor Lisa D. Cook,"{'inflation': 0.0, 'employment': 0.0, 'other': 1.0}",2025 Distinguished Alumna Award Acceptance Remarks,0.0,0.0,1.0
2025-04-16,4.29,4.33,Jerome Powell,Chair Jerome H. Powell,"{'inflation': 0.267, 'employment': 0.333, 'other': 0.4}",Economic Outlook,0.267,0.333,0.4
2025-04-17,4.34,4.33,Jerome Powell,Governor Michael S. Barr,"{'inflation': 0.0, 'employment': 0.4, 'other': 0.6}",Deepfakes and the AI Arms Race in Bank Cybersecurity,0.0,0.4,0.6
2025-04-22,4.41,4.33,Jerome Powell,Governor Adriana D. Kugler,"{'inflation': 0.125, 'employment': 0.25, 'other': 0.625}",Transmission of Monetary Policy,0.125,0.25,0.625
2025-04-22,4.41,4.33,Jerome Powell,Vice Chair Philip N. Jefferson,"{'inflation': 0.0, 'employment': 0.0, 'other': 1.0}",Economic Mobility and the Dual Mandate,0.0,0.0,1.0
2025-04-23,4.4,4.33,Jerome Powell,Governor Christopher J. Waller,"{'inflation': 0.25, 'employment': 0.0, 'other': 0.75}",Welcoming Remarks,0.25,0.0,0.75
2025-05-03,4.33,4.33,Jerome Powell,Governor Lisa D. Cook,"{'inflation': 0.0, 'employment': 0.333, 'other': 0.667}",Four Guides for the Journey Ahead,0.0,0.333,0.667
2025-05-09,4.37,4.33,Jerome Powell,Governor Adriana D. Kugler,"{'inflation': 0.1, 'employment': 0.5, 'other': 0.4}",Assessing Maximum Employment,0.1,0.5,0.4
2025-05-09,4.37,4.33,Jerome Powell,Governor Christopher J. Waller,"{'inflation': 0.143, 'employment': 0.238, 'other': 0.619}","Thank You, John",0.143,0.238,0.619
2025-05-09,4.37,4.33,Jerome Powell,Governor Lisa D. Cook,"{'inflation': 0.1, 'employment': 0.1, 'other': 0.8}",Opening Remarks on Productivity Dynamics,0.1,0.1,0.8
2025-05-09,4.37,4.33,Jerome Powell,Governor Michael S. Barr,"{'inflation': 0.0, 'employment': 0.583, 'other': 0.417}",Artificial Intelligence and the Labor Market: A Scenario-Based Approach,0.0,0.583,0.417
